#
# There is insufficient memory for the Java Runtime Environment to continue.
# Native memory allocation (mmap) failed to map 661651456 bytes. Error detail: G1 virtual space
# Possible reasons:
#   The system is out of physical RAM or swap space
#   This process is running with CompressedOops enabled, and the Java Heap may be blocking the growth of the native heap
# Possible solutions:
#   Reduce memory load on the system
#   Increase physical memory or swap space
#   Check if swap backing store is full
#   Decrease Java heap size (-Xmx/-Xms)
#   Decrease number of Java threads
#   Decrease Java thread stack sizes (-Xss)
#   Set larger code cache with -XX:ReservedCodeCacheSize=
#   JVM is running with Unscaled Compressed Oops mode in which the Java heap is
#     placed in the first 4GB address space. The Java Heap base address is the
#     maximum limit for the native heap growth. Please use -XX:HeapBaseMinAddress
#     to set the Java Heap base and to place the Java Heap above 4GB virtual address.
# This output file may be truncated or incomplete.
#
#  Out of Memory Error (os_windows.cpp:3825), pid=20928, tid=25084
#
# JRE version: OpenJDK Runtime Environment (17.0.11) (build 17.0.11+0--11852314)
# Java VM: OpenJDK 64-Bit Server VM (17.0.11+0--11852314, mixed mode, tiered, compressed oops, compressed class ptrs, g1 gc, windows-amd64)
# No core dump will be written. Minidumps are not enabled by default on client versions of Windows
#

---------------  S U M M A R Y ------------

Command Line: --add-opens=java.base/java.util=ALL-UNNAMED --add-opens=java.base/java.lang=ALL-UNNAMED --add-opens=java.base/java.lang.invoke=ALL-UNNAMED --add-opens=java.prefs/java.util.prefs=ALL-UNNAMED --add-opens=java.base/java.nio.charset=ALL-UNNAMED --add-opens=java.base/java.net=ALL-UNNAMED --add-opens=java.base/java.util.concurrent.atomic=ALL-UNNAMED -Xmx2048m -Dfile.encoding=UTF-8 -Duser.country=CN -Duser.language=zh -Duser.variant -javaagent:C:\Users\Administrator\.gradle\wrapper\dists\gradle-8.7-bin\bhs2wmbdwecv87pi65oeuq5iu\gradle-8.7\lib\agents\gradle-instrumentation-agent-8.7.jar org.gradle.launcher.daemon.bootstrap.GradleDaemon 8.7

Host: Intel(R) Core(TM) i5-9400 CPU @ 2.90GHz, 6 cores, 15G,  Windows 10 , 64 bit Build 19041 (10.0.19041.5915)
Time: Wed May  6 17:47:56 2026  Windows 10 , 64 bit Build 19041 (10.0.19041.5915) elapsed time: 6487.113369 seconds (0d 1h 48m 7s)

---------------  T H R E A D  ---------------

Current thread (0x0000027c1f2e0670):  VMThread "VM Thread" [stack: 0x000000f7b9a00000,0x000000f7b9b00000] [id=25084]

Stack: [0x000000f7b9a00000,0x000000f7b9b00000]
Native frames: (J=compiled Java code, j=interpreted, Vv=VM code, C=native code)
V  [jvm.dll+0x687bb9]
V  [jvm.dll+0x84142a]
V  [jvm.dll+0x8430ae]
V  [jvm.dll+0x843713]
V  [jvm.dll+0x24a35f]
V  [jvm.dll+0x684989]
V  [jvm.dll+0x67923a]
V  [jvm.dll+0x30af0b]
V  [jvm.dll+0x3123b6]
V  [jvm.dll+0x361dfe]
V  [jvm.dll+0x36202f]
V  [jvm.dll+0x2e0d38]
V  [jvm.dll+0x2df144]
V  [jvm.dll+0x2de74c]
V  [jvm.dll+0x32305b]
V  [jvm.dll+0x847e0b]
V  [jvm.dll+0x848b42]
V  [jvm.dll+0x84905d]
V  [jvm.dll+0x849434]
V  [jvm.dll+0x849500]
V  [jvm.dll+0x7efa4a]
V  [jvm.dll+0x686a35]
C  [ucrtbase.dll+0x21bb2]
C  [KERNEL32.DLL+0x17374]
C  [ntdll.dll+0x4cc91]

VM_Operation (0x000000f7bfaf8fc0): G1CollectForAllocation, mode: safepoint, requested by thread 0x0000027c3071bad0


---------------  P R O C E S S  ---------------

Threads class SMR info:
_java_thread_list=0x0000027c2e7e3b50, length=93, elements={
0x0000027c0370fcd0, 0x0000027c1f2e42b0, 0x0000027c1f2e5040, 0x0000027c1f31f2e0,
0x0000027c1f34f980, 0x0000027c1f350250, 0x0000027c1f350b20, 0x0000027c1f351720,
0x0000027c1f355d50, 0x0000027c1f356660, 0x0000027c1edfd0b0, 0x0000027c1f5b6a80,
0x0000027c254a6480, 0x0000027c24e1e030, 0x0000027c24dd5c20, 0x0000027c24315830,
0x0000027c24314e10, 0x0000027c24315320, 0x0000027c259078e0, 0x0000027c25905570,
0x0000027c25908300, 0x0000027c2590c4d0, 0x0000027c2590b5a0, 0x0000027c2590bab0,
0x0000027c282f4ec0, 0x0000027c282f8670, 0x0000027c282f3f90, 0x0000027c282f9ab0,
0x0000027c28766b30, 0x0000027c29594eb0, 0x0000027c29598b70, 0x0000027c29595de0,
0x0000027c29593a70, 0x0000027c29592120, 0x0000027c29599590, 0x0000027c29592630,
0x0000027c29592b40, 0x0000027c295953c0, 0x0000027c295962f0, 0x0000027c29596800,
0x0000027c29599080, 0x0000027c29597730, 0x0000027c29597c40, 0x0000027c29598150,
0x0000027c2875f6c0, 0x0000027c28760b00, 0x0000027c28762960, 0x0000027c28761f40,
0x0000027c28763da0, 0x0000027c28767040, 0x0000027c2875fbd0, 0x0000027c28761010,
0x0000027c287600e0, 0x0000027c28761520, 0x0000027c28761a30, 0x0000027c28762450,
0x0000027c28762e70, 0x0000027c28764cd0, 0x0000027c287651e0, 0x0000027c28765c00,
0x0000027c282f5df0, 0x0000027c282f6d20, 0x0000027c282f3a80, 0x0000027c282f7230,
0x0000027c282f95a0, 0x0000027c2e966df0, 0x0000027c2e96afc0, 0x0000027c2e968c50,
0x0000027c2e968740, 0x0000027c2e964a80, 0x0000027c2e965ec0, 0x0000027c2e969160,
0x0000027c2e969b80, 0x0000027c2590bfc0, 0x0000027c25905060, 0x0000027c259069b0,
0x0000027c2590c9e0, 0x0000027c25909230, 0x0000027c259064a0, 0x0000027c2590a670,
0x0000027c24313ee0, 0x0000027c243143f0, 0x0000027c24316250, 0x0000027c24312aa0,
0x0000027c243134c0, 0x0000027c24314900, 0x0000027c282f3060, 0x0000027c2f0add90,
0x0000027c3071bad0, 0x0000027c3071d420, 0x0000027c3071c4f0, 0x0000027c3071d930,
0x0000027c3071de40
}
_to_delete_list=0x0000027c2e7e2fe0, length=91, elements={
0x0000027c0370fcd0, 0x0000027c1f2e42b0, 0x0000027c1f2e5040, 0x0000027c1f31f2e0,
0x0000027c1f34f980, 0x0000027c1f350250, 0x0000027c1f350b20, 0x0000027c1f351720,
0x0000027c1f355d50, 0x0000027c1f356660, 0x0000027c1edfd0b0, 0x0000027c1f5b6a80,
0x0000027c254a6480, 0x0000027c24e1e030, 0x0000027c24dd5c20, 0x0000027c24315830,
0x0000027c24314e10, 0x0000027c24315320, 0x0000027c259078e0, 0x0000027c25905570,
0x0000027c25908300, 0x0000027c2590c4d0, 0x0000027c2590b5a0, 0x0000027c2590bab0,
0x0000027c282f4ec0, 0x0000027c282f8670, 0x0000027c282f3f90, 0x0000027c282f9ab0,
0x0000027c28766b30, 0x0000027c29594eb0, 0x0000027c29598b70, 0x0000027c29595de0,
0x0000027c29593a70, 0x0000027c29592120, 0x0000027c29599590, 0x0000027c29592630,
0x0000027c29592b40, 0x0000027c295953c0, 0x0000027c295962f0, 0x0000027c29596800,
0x0000027c29599080, 0x0000027c29597730, 0x0000027c29597c40, 0x0000027c29598150,
0x0000027c2875f6c0, 0x0000027c28760b00, 0x0000027c28762960, 0x0000027c28761f40,
0x0000027c28763da0, 0x0000027c28767040, 0x0000027c2875fbd0, 0x0000027c28761010,
0x0000027c287600e0, 0x0000027c28761520, 0x0000027c28761a30, 0x0000027c28762450,
0x0000027c28762e70, 0x0000027c28764cd0, 0x0000027c287651e0, 0x0000027c28765c00,
0x0000027c282f5df0, 0x0000027c282f6d20, 0x0000027c282f3a80, 0x0000027c282f7230,
0x0000027c282f95a0, 0x0000027c2e966df0, 0x0000027c2e96afc0, 0x0000027c2e968c50,
0x0000027c2e968740, 0x0000027c2e964a80, 0x0000027c2e965ec0, 0x0000027c2e969160,
0x0000027c2e969b80, 0x0000027c2590bfc0, 0x0000027c25905060, 0x0000027c259069b0,
0x0000027c2590c9e0, 0x0000027c25909230, 0x0000027c259064a0, 0x0000027c2590a670,
0x0000027c24313ee0, 0x0000027c243143f0, 0x0000027c24316250, 0x0000027c24312aa0,
0x0000027c243134c0, 0x0000027c24314900, 0x0000027c282f3060, 0x0000027c2f0add90,
0x0000027c3071bad0, 0x0000027c3071d420, 0x0000027c3071c4f0
}

Java Threads: ( => current thread )
  0x0000027c0370fcd0 JavaThread "main" [_thread_blocked, id=24500, stack(0x000000f7b9400000,0x000000f7b9500000)]
  0x0000027c1f2e42b0 JavaThread "Reference Handler" daemon [_thread_blocked, id=24596, stack(0x000000f7b9b00000,0x000000f7b9c00000)]
  0x0000027c1f2e5040 JavaThread "Finalizer" daemon [_thread_blocked, id=24988, stack(0x000000f7b9c00000,0x000000f7b9d00000)]
  0x0000027c1f31f2e0 JavaThread "Signal Dispatcher" daemon [_thread_blocked, id=25200, stack(0x000000f7b9d00000,0x000000f7b9e00000)]
  0x0000027c1f34f980 JavaThread "Attach Listener" daemon [_thread_blocked, id=17964, stack(0x000000f7b9e00000,0x000000f7b9f00000)]
  0x0000027c1f350250 JavaThread "Service Thread" daemon [_thread_blocked, id=25556, stack(0x000000f7b9f00000,0x000000f7ba000000)]
  0x0000027c1f350b20 JavaThread "Monitor Deflation Thread" daemon [_thread_blocked, id=7676, stack(0x000000f7ba000000,0x000000f7ba100000)]
  0x0000027c1f351720 JavaThread "C2 CompilerThread0" daemon [_thread_in_native, id=13824, stack(0x000000f7ba100000,0x000000f7ba200000)]
  0x0000027c1f355d50 JavaThread "C1 CompilerThread0" daemon [_thread_blocked, id=21884, stack(0x000000f7ba200000,0x000000f7ba300000)]
  0x0000027c1f356660 JavaThread "Sweeper thread" daemon [_thread_blocked, id=7192, stack(0x000000f7ba300000,0x000000f7ba400000)]
  0x0000027c1edfd0b0 JavaThread "Common-Cleaner" daemon [_thread_blocked, id=18600, stack(0x000000f7ba400000,0x000000f7ba500000)]
  0x0000027c1f5b6a80 JavaThread "Notification Thread" daemon [_thread_blocked, id=24032, stack(0x000000f7ba500000,0x000000f7ba600000)]
  0x0000027c254a6480 JavaThread "Daemon health stats" [_thread_blocked, id=20688, stack(0x000000f7bad00000,0x000000f7bae00000)]
  0x0000027c24e1e030 JavaThread "Incoming local TCP Connector on port 49790" [_thread_in_native, id=23168, stack(0x000000f7bae00000,0x000000f7baf00000)]
  0x0000027c24dd5c20 JavaThread "Daemon periodic checks" [_thread_blocked, id=20760, stack(0x000000f7baf00000,0x000000f7bb000000)]
  0x0000027c24315830 JavaThread "Cache worker for journal cache (C:\Users\Administrator\.gradle\caches\journal-1)" [_thread_blocked, id=25044, stack(0x000000f7bb800000,0x000000f7bb900000)]
  0x0000027c24314e10 JavaThread "File lock request listener" [_thread_in_native, id=24664, stack(0x000000f7bb900000,0x000000f7bba00000)]
  0x0000027c24315320 JavaThread "Cache worker for file hash cache (C:\Users\Administrator\.gradle\caches\8.7\fileHashes)" [_thread_blocked, id=19148, stack(0x000000f7bba00000,0x000000f7bbb00000)]
  0x0000027c259078e0 JavaThread "File watcher server" daemon [_thread_blocked, id=24616, stack(0x000000f7bbc00000,0x000000f7bbd00000)]
  0x0000027c25905570 JavaThread "File watcher consumer" daemon [_thread_blocked, id=7648, stack(0x000000f7bbd00000,0x000000f7bbe00000)]
  0x0000027c25908300 JavaThread "Cache worker for file content cache (C:\Users\Administrator\.gradle\caches\8.7\fileContent)" [_thread_blocked, id=24212, stack(0x000000f7ba700000,0x000000f7ba800000)]
  0x0000027c2590c4d0 JavaThread "jar transforms" [_thread_blocked, id=7600, stack(0x000000f7bc200000,0x000000f7bc300000)]
  0x0000027c2590b5a0 JavaThread "jar transforms Thread 2" [_thread_blocked, id=20908, stack(0x000000f7bc300000,0x000000f7bc400000)]
  0x0000027c2590bab0 JavaThread "jar transforms Thread 3" [_thread_blocked, id=25004, stack(0x000000f7bc500000,0x000000f7bc600000)]
  0x0000027c282f4ec0 JavaThread "jar transforms Thread 4" [_thread_blocked, id=11620, stack(0x000000f7bd000000,0x000000f7bd100000)]
  0x0000027c282f8670 JavaThread "jar transforms Thread 5" [_thread_blocked, id=6968, stack(0x000000f7bd100000,0x000000f7bd200000)]
  0x0000027c282f3f90 JavaThread "Memory manager" [_thread_blocked, id=8408, stack(0x000000f7bd300000,0x000000f7bd400000)]
  0x0000027c282f9ab0 JavaThread "jar transforms Thread 6" [_thread_blocked, id=24960, stack(0x000000f7bd400000,0x000000f7bd500000)]
  0x0000027c28766b30 JavaThread "Cache worker for Java compile cache (C:\Users\Administrator\.gradle\caches\8.7\javaCompile)" [_thread_blocked, id=24660, stack(0x000000f7bf100000,0x000000f7bf200000)]
  0x0000027c29594eb0 JavaThread "Daemon Thread 16" [_thread_blocked, id=22084, stack(0x000000f7b9100000,0x000000f7b9200000)]
  0x0000027c29598b70 JavaThread "Handler for socket connection from /127.0.0.1:49790 to /127.0.0.1:57158" [_thread_in_native, id=1456, stack(0x000000f7b9200000,0x000000f7b9300000)]
  0x0000027c29595de0 JavaThread "Cancel handler" [_thread_blocked, id=18092, stack(0x000000f7b9300000,0x000000f7b9400000)]
  0x0000027c29593a70 JavaThread "Daemon worker Thread 16" [_thread_blocked, id=23584, stack(0x000000f7bb000000,0x000000f7bb100000)]
  0x0000027c29592120 JavaThread "Asynchronous log dispatcher for DefaultDaemonConnection: socket connection from /127.0.0.1:49790 to /127.0.0.1:57158" [_thread_blocked, id=2688, stack(0x000000f7bb100000,0x000000f7bb200000)]
  0x0000027c29599590 JavaThread "Stdin handler" [_thread_blocked, id=22812, stack(0x000000f7bb200000,0x000000f7bb300000)]
  0x0000027c29592630 JavaThread "Daemon client event forwarder" [_thread_blocked, id=23692, stack(0x000000f7bb300000,0x000000f7bb400000)]
  0x0000027c29592b40 JavaThread "Cache worker for file hash cache (D:\AndroidStudioProjects\AutoMap\.gradle\8.7\fileHashes)" [_thread_blocked, id=24140, stack(0x000000f7bb400000,0x000000f7bb500000)]
  0x0000027c295953c0 JavaThread "Cache worker for checksums cache (D:\AndroidStudioProjects\AutoMap\.gradle\8.7\checksums)" [_thread_blocked, id=12340, stack(0x000000f7bb500000,0x000000f7bb600000)]
  0x0000027c295962f0 JavaThread "Cache worker for cache directory md-supplier (C:\Users\Administrator\.gradle\caches\8.7\md-supplier)" [_thread_blocked, id=24868, stack(0x000000f7bb600000,0x000000f7bb700000)]
  0x0000027c29596800 JavaThread "Cache worker for cache directory md-rule (C:\Users\Administrator\.gradle\caches\8.7\md-rule)" [_thread_blocked, id=21192, stack(0x000000f7bbb00000,0x000000f7bbc00000)]
  0x0000027c29599080 JavaThread "Cache worker for Build Output Cleanup Cache (D:\AndroidStudioProjects\AutoMap\.gradle\buildOutputCleanup)" [_thread_blocked, id=24556, stack(0x000000f7bbe00000,0x000000f7bbf00000)]
  0x0000027c29597730 JavaThread "Unconstrained build operations" [_thread_blocked, id=5712, stack(0x000000f7bbf00000,0x000000f7bc000000)]
  0x0000027c29597c40 JavaThread "Unconstrained build operations Thread 2" [_thread_blocked, id=18544, stack(0x000000f7bc000000,0x000000f7bc100000)]
  0x0000027c29598150 JavaThread "Unconstrained build operations Thread 3" [_thread_blocked, id=18052, stack(0x000000f7bc100000,0x000000f7bc200000)]
  0x0000027c2875f6c0 JavaThread "Unconstrained build operations Thread 4" [_thread_blocked, id=24200, stack(0x000000f7bc400000,0x000000f7bc500000)]
  0x0000027c28760b00 JavaThread "Unconstrained build operations Thread 5" [_thread_blocked, id=24624, stack(0x000000f7bc600000,0x000000f7bc700000)]
  0x0000027c28762960 JavaThread "build event listener" [_thread_blocked, id=23972, stack(0x000000f7bc700000,0x000000f7bc800000)]
  0x0000027c28761f40 JavaThread "included builds" [_thread_blocked, id=25028, stack(0x000000f7bc900000,0x000000f7bca00000)]
  0x0000027c28763da0 JavaThread "Execution worker" [_thread_blocked, id=21720, stack(0x000000f7bca00000,0x000000f7bcb00000)]
  0x0000027c28767040 JavaThread "Execution worker Thread 2" [_thread_blocked, id=11132, stack(0x000000f7bcb00000,0x000000f7bcc00000)]
  0x0000027c2875fbd0 JavaThread "Execution worker Thread 3" [_thread_blocked, id=9292, stack(0x000000f7bcc00000,0x000000f7bcd00000)]
  0x0000027c28761010 JavaThread "Execution worker Thread 4" [_thread_blocked, id=6216, stack(0x000000f7bcd00000,0x000000f7bce00000)]
  0x0000027c287600e0 JavaThread "Execution worker Thread 5" [_thread_blocked, id=25516, stack(0x000000f7bce00000,0x000000f7bcf00000)]
  0x0000027c28761520 JavaThread "Cache worker for execution history cache (D:\AndroidStudioProjects\AutoMap\.gradle\8.7\executionHistory)" [_thread_blocked, id=24456, stack(0x000000f7bcf00000,0x000000f7bd000000)]
  0x0000027c28761a30 JavaThread "WorkerExecutor Queue" [_thread_blocked, id=9060, stack(0x000000f7bd200000,0x000000f7bd300000)]
  0x0000027c28762450 JavaThread "Unconstrained build operations Thread 6" [_thread_blocked, id=23580, stack(0x000000f7bd500000,0x000000f7bd600000)]
  0x0000027c28762e70 JavaThread "Unconstrained build operations Thread 7" [_thread_blocked, id=8156, stack(0x000000f7bd600000,0x000000f7bd700000)]
  0x0000027c28764cd0 JavaThread "Unconstrained build operations Thread 8" [_thread_blocked, id=22684, stack(0x000000f7bd700000,0x000000f7bd800000)]
  0x0000027c287651e0 JavaThread "Unconstrained build operations Thread 9" [_thread_blocked, id=17596, stack(0x000000f7bd800000,0x000000f7bd900000)]
  0x0000027c28765c00 JavaThread "Unconstrained build operations Thread 10" [_thread_blocked, id=24992, stack(0x000000f7bd900000,0x000000f7bda00000)]
  0x0000027c282f5df0 JavaThread "WorkerExecutor Queue Thread 2" [_thread_blocked, id=23704, stack(0x000000f7bda00000,0x000000f7bdb00000)]
  0x0000027c282f6d20 JavaThread "WorkerExecutor Queue Thread 3" [_thread_blocked, id=24968, stack(0x000000f7bc800000,0x000000f7bc900000)]
  0x0000027c282f3a80 JavaThread "WorkerExecutor Queue Thread 4" [_thread_blocked, id=3212, stack(0x000000f7bdc00000,0x000000f7bdd00000)]
  0x0000027c282f7230 JavaThread "WorkerExecutor Queue Thread 5" [_thread_blocked, id=15988, stack(0x000000f7bdd00000,0x000000f7bde00000)]
  0x0000027c282f95a0 JavaThread "WorkerExecutor Queue Thread 6" [_thread_blocked, id=24492, stack(0x000000f7bde00000,0x000000f7bdf00000)]
  0x0000027c2e966df0 JavaThread "Unconstrained build operations Thread 11" [_thread_blocked, id=12448, stack(0x000000f7bdf00000,0x000000f7be000000)]
  0x0000027c2e96afc0 JavaThread "pool-62-thread-1" [_thread_blocked, id=25164, stack(0x000000f7be000000,0x000000f7be100000)]
  0x0000027c2e968c50 JavaThread "stderr" [_thread_in_native, id=24932, stack(0x000000f7be100000,0x000000f7be200000)]
  0x0000027c2e968740 JavaThread "stdout" [_thread_in_native, id=20884, stack(0x000000f7be200000,0x000000f7be300000)]
  0x0000027c2e964a80 JavaThread "stderr" [_thread_in_native, id=22132, stack(0x000000f7be300000,0x000000f7be400000)]
  0x0000027c2e965ec0 JavaThread "stdout" [_thread_in_native, id=2364, stack(0x000000f7be400000,0x000000f7be500000)]
  0x0000027c2e969160 JavaThread "stderr" [_thread_in_native, id=18924, stack(0x000000f7be500000,0x000000f7be600000)]
  0x0000027c2e969b80 JavaThread "stdout" [_thread_in_native, id=12264, stack(0x000000f7bea00000,0x000000f7beb00000)]
  0x0000027c2590bfc0 JavaThread "stderr" [_thread_in_native, id=23868, stack(0x000000f7beb00000,0x000000f7bec00000)]
  0x0000027c25905060 JavaThread "stdout" [_thread_in_native, id=21968, stack(0x000000f7bec00000,0x000000f7bed00000)]
  0x0000027c259069b0 JavaThread "stderr" [_thread_in_native, id=25188, stack(0x000000f7bed00000,0x000000f7bee00000)]
  0x0000027c2590c9e0 JavaThread "stdout" [_thread_in_native, id=25204, stack(0x000000f7bee00000,0x000000f7bef00000)]
  0x0000027c25909230 JavaThread "Unconstrained build operations Thread 12" [_thread_blocked, id=9592, stack(0x000000f7bdb00000,0x000000f7bdc00000)]
  0x0000027c259064a0 JavaThread "Unconstrained build operations Thread 13" [_thread_blocked, id=15064, stack(0x000000f7bef00000,0x000000f7bf000000)]
  0x0000027c2590a670 JavaThread "Unconstrained build operations Thread 14" [_thread_blocked, id=22608, stack(0x000000f7bf000000,0x000000f7bf100000)]
  0x0000027c24313ee0 JavaThread "Unconstrained build operations Thread 15" [_thread_blocked, id=21160, stack(0x000000f7bf200000,0x000000f7bf300000)]
  0x0000027c243143f0 JavaThread "Unconstrained build operations Thread 16" [_thread_blocked, id=19348, stack(0x000000f7bf300000,0x000000f7bf400000)]
  0x0000027c24316250 JavaThread "Unconstrained build operations Thread 17" [_thread_blocked, id=22560, stack(0x000000f7bf400000,0x000000f7bf500000)]
  0x0000027c24312aa0 JavaThread "Unconstrained build operations Thread 18" [_thread_blocked, id=14536, stack(0x000000f7bf500000,0x000000f7bf600000)]
  0x0000027c243134c0 JavaThread "Unconstrained build operations Thread 19" [_thread_blocked, id=22500, stack(0x000000f7bf600000,0x000000f7bf700000)]
  0x0000027c24314900 JavaThread "Unconstrained build operations Thread 20" [_thread_blocked, id=12456, stack(0x000000f7bf700000,0x000000f7bf800000)]
  0x0000027c282f3060 JavaThread "Unconstrained build operations Thread 21" [_thread_blocked, id=22368, stack(0x000000f7bf800000,0x000000f7bf900000)]
  0x0000027c2f0add90 JavaThread "C2 CompilerThread1" daemon [_thread_blocked, id=2960, stack(0x000000f7bf900000,0x000000f7bfa00000)]
  0x0000027c3071bad0 JavaThread "Unconstrained build operations Thread 22" [_thread_blocked, id=14036, stack(0x000000f7bfa00000,0x000000f7bfb00000)]
  0x0000027c3071d420 JavaThread "Unconstrained build operations Thread 23" [_thread_blocked, id=24232, stack(0x000000f7bfb00000,0x000000f7bfc00000)]
  0x0000027c3071c4f0 JavaThread "Unconstrained build operations Thread 24" [_thread_blocked, id=14840, stack(0x000000f7bfc00000,0x000000f7bfd00000)]
  0x0000027c3071d930 JavaThread "Unconstrained build operations Thread 25" [_thread_blocked, id=25572, stack(0x000000f7bfd00000,0x000000f7bfe00000)]
  0x0000027c3071de40 JavaThread "Unconstrained build operations Thread 26" [_thread_blocked, id=22392, stack(0x000000f7bfe00000,0x000000f7bff00000)]

Other Threads:
=>0x0000027c1f2e0670 VMThread "VM Thread" [stack: 0x000000f7b9a00000,0x000000f7b9b00000] [id=25084]
  0x0000027c03710ba0 WatcherThread [stack: 0x000000f7ba600000,0x000000f7ba700000] [id=25480]
  0x0000027c037698b0 GCTaskThread "GC Thread#0" [stack: 0x000000f7b9500000,0x000000f7b9600000] [id=23836]
  0x0000027c244b4c60 GCTaskThread "GC Thread#1" [stack: 0x000000f7ba800000,0x000000f7ba900000] [id=25048]
  0x0000027c1fc478b0 GCTaskThread "GC Thread#2" [stack: 0x000000f7ba900000,0x000000f7baa00000] [id=12592]
  0x0000027c1fc47b70 GCTaskThread "GC Thread#3" [stack: 0x000000f7baa00000,0x000000f7bab00000] [id=22444]
  0x0000027c1fc47e30 GCTaskThread "GC Thread#4" [stack: 0x000000f7bab00000,0x000000f7bac00000] [id=24172]
  0x0000027c1fc480f0 GCTaskThread "GC Thread#5" [stack: 0x000000f7bac00000,0x000000f7bad00000] [id=25440]
  0x0000027c0377b720 ConcurrentGCThread "G1 Main Marker" [stack: 0x000000f7b9600000,0x000000f7b9700000] [id=4212]
  0x0000027c0377d060 ConcurrentGCThread "G1 Conc#0" [stack: 0x000000f7b9700000,0x000000f7b9800000] [id=21612]
  0x0000027c24e97ad0 ConcurrentGCThread "G1 Conc#1" [stack: 0x000000f7bb700000,0x000000f7bb800000] [id=17568]
  0x0000027c037bd810 ConcurrentGCThread "G1 Refine#0" [stack: 0x000000f7b9800000,0x000000f7b9900000] [id=4980]
  0x0000027c26449540 ConcurrentGCThread "G1 Refine#1" [stack: 0x000000f7be600000,0x000000f7be700000] [id=25260]
  0x0000027c26446c20 ConcurrentGCThread "G1 Refine#2" [stack: 0x000000f7be700000,0x000000f7be800000] [id=22840]
  0x0000027c26448980 ConcurrentGCThread "G1 Refine#3" [stack: 0x000000f7be800000,0x000000f7be900000] [id=22360]
  0x0000027c26448690 ConcurrentGCThread "G1 Refine#4" [stack: 0x000000f7be900000,0x000000f7bea00000] [id=15088]
  0x0000027c037be150 ConcurrentGCThread "G1 Service" [stack: 0x000000f7b9900000,0x000000f7b9a00000] [id=20124]

Threads with active compile tasks:
C2 CompilerThread0  6487138 32925 %     4       com.android.tools.r8.internal.gd::a @ 83 (6886 bytes)
C1 CompilerThread0  6487139 33531       3       com.android.tools.r8.internal.vl::a (3605 bytes)
C2 CompilerThread1  6487139 33323       4       com.android.tools.r8.internal.rv::a (277 bytes)

VM state: at safepoint (normal execution)

VM Mutex/Monitor currently owned by a thread:  ([mutex/lock_event])
[0x0000027c0370abc0] Threads_lock - owner thread: 0x0000027c1f2e0670
[0x0000027c0370a980] Heap_lock - owner thread: 0x0000027c3071bad0

Heap address: 0x0000000080000000, size: 2048 MB, Compressed Oops mode: 32-bit

CDS archive(s) not mapped
Compressed class space mapped at: 0x0000000100000000-0x0000000140000000, reserved size: 1073741824
Narrow klass base: 0x0000000000000000, Narrow klass shift: 3, Narrow klass range: 0x140000000

GC Precious Log:
 CPUs: 6 total, 6 available
 Memory: 16260M
 Large Page Support: Disabled
 NUMA Support: Disabled
 Compressed Oops: Enabled (32-bit)
 Heap Region Size: 1M
 Heap Min Capacity: 8M
 Heap Initial Capacity: 256M
 Heap Max Capacity: 2G
 Pre-touch: Disabled
 Parallel Workers: 6
 Concurrent Workers: 2
 Concurrent Refinement Workers: 6
 Periodic GC: Disabled

Heap:
 garbage-first heap   total 467968K, used 163328K [0x0000000080000000, 0x0000000100000000)
  region size 1024K, 3 young (3072K), 3 survivors (3072K)
 Metaspace       used 154517K, committed 156480K, reserved 1245184K
  class space    used 20606K, committed 21568K, reserved 1048576K

Heap Regions: E=young(eden), S=young(survivor), O=old, HS=humongous(starts), HC=humongous(continues), CS=collection set, F=free, OA=open archive, CA=closed archive, TAMS=top-at-mark-start (previous, next)
|   0|0x0000000080000000, 0x0000000080100000, 0x0000000080100000|100%|HS|  |TAMS 0x0000000080100000, 0x0000000080000000| Complete 
|   1|0x0000000080100000, 0x0000000080200000, 0x0000000080200000|100%|HC|  |TAMS 0x0000000080200000, 0x0000000080100000| Complete 
|   2|0x0000000080200000, 0x0000000080300000, 0x0000000080300000|100%|HC|  |TAMS 0x0000000080300000, 0x0000000080200000| Complete 
|   3|0x0000000080300000, 0x0000000080400000, 0x0000000080400000|100%|HC|  |TAMS 0x0000000080400000, 0x0000000080300000| Complete 
|   4|0x0000000080400000, 0x0000000080500000, 0x0000000080500000|100%| O|  |TAMS 0x0000000080500000, 0x0000000080400000| Untracked 
|   5|0x0000000080500000, 0x0000000080600000, 0x0000000080600000|100%| O|  |TAMS 0x0000000080600000, 0x0000000080500000| Untracked 
|   6|0x0000000080600000, 0x0000000080700000, 0x0000000080700000|100%| O|  |TAMS 0x0000000080700000, 0x0000000080600000| Untracked 
|   7|0x0000000080700000, 0x0000000080800000, 0x0000000080800000|100%| O|  |TAMS 0x0000000080800000, 0x0000000080700000| Untracked 
|   8|0x0000000080800000, 0x0000000080900000, 0x0000000080900000|100%| O|  |TAMS 0x0000000080900000, 0x0000000080800000| Untracked 
|   9|0x0000000080900000, 0x0000000080a00000, 0x0000000080a00000|100%| O|  |TAMS 0x0000000080a00000, 0x0000000080900000| Untracked 
|  10|0x0000000080a00000, 0x0000000080b00000, 0x0000000080b00000|100%|HS|  |TAMS 0x0000000080b00000, 0x0000000080a00000| Complete 
|  11|0x0000000080b00000, 0x0000000080c00000, 0x0000000080c00000|100%| O|  |TAMS 0x0000000080c00000, 0x0000000080b00000| Untracked 
|  12|0x0000000080c00000, 0x0000000080d00000, 0x0000000080d00000|100%| O|  |TAMS 0x0000000080d00000, 0x0000000080c00000| Untracked 
|  13|0x0000000080d00000, 0x0000000080e00000, 0x0000000080e00000|100%| O|  |TAMS 0x0000000080e00000, 0x0000000080d00000| Untracked 
|  14|0x0000000080e00000, 0x0000000080f00000, 0x0000000080f00000|100%| O|  |TAMS 0x0000000080f00000, 0x0000000080e00000| Untracked 
|  15|0x0000000080f00000, 0x0000000081000000, 0x0000000081000000|100%| O|  |TAMS 0x0000000081000000, 0x0000000080f00000| Untracked 
|  16|0x0000000081000000, 0x0000000081100000, 0x0000000081100000|100%| O|  |TAMS 0x0000000081100000, 0x0000000081000000| Untracked 
|  17|0x0000000081100000, 0x0000000081200000, 0x0000000081200000|100%| O|  |TAMS 0x0000000081200000, 0x0000000081100000| Untracked 
|  18|0x0000000081200000, 0x0000000081300000, 0x0000000081300000|100%| O|  |TAMS 0x0000000081300000, 0x0000000081200000| Untracked 
|  19|0x0000000081300000, 0x0000000081400000, 0x0000000081400000|100%| O|  |TAMS 0x0000000081400000, 0x0000000081300000| Untracked 
|  20|0x0000000081400000, 0x0000000081500000, 0x0000000081500000|100%| O|  |TAMS 0x0000000081500000, 0x0000000081400000| Untracked 
|  21|0x0000000081500000, 0x0000000081600000, 0x0000000081600000|100%| O|  |TAMS 0x0000000081600000, 0x0000000081500000| Untracked 
|  22|0x0000000081600000, 0x0000000081700000, 0x0000000081700000|100%| O|  |TAMS 0x0000000081700000, 0x0000000081600000| Untracked 
|  23|0x0000000081700000, 0x0000000081800000, 0x0000000081800000|100%| O|  |TAMS 0x0000000081800000, 0x0000000081700000| Untracked 
|  24|0x0000000081800000, 0x0000000081800000, 0x0000000081900000|  0%| F|  |TAMS 0x0000000081800000, 0x0000000081800000| Untracked 
|  25|0x0000000081900000, 0x0000000081a00000, 0x0000000081a00000|100%| O|  |TAMS 0x0000000081a00000, 0x0000000081900000| Untracked 
|  26|0x0000000081a00000, 0x0000000081b00000, 0x0000000081b00000|100%| O|  |TAMS 0x0000000081b00000, 0x0000000081a00000| Untracked 
|  27|0x0000000081b00000, 0x0000000081c00000, 0x0000000081c00000|100%| O|  |TAMS 0x0000000081c00000, 0x0000000081b00000| Untracked 
|  28|0x0000000081c00000, 0x0000000081d00000, 0x0000000081d00000|100%| O|  |TAMS 0x0000000081d00000, 0x0000000081c00000| Untracked 
|  29|0x0000000081d00000, 0x0000000081e00000, 0x0000000081e00000|100%| O|  |TAMS 0x0000000081e00000, 0x0000000081d00000| Untracked 
|  30|0x0000000081e00000, 0x0000000081f00000, 0x0000000081f00000|100%| O|  |TAMS 0x0000000081f00000, 0x0000000081e00000| Untracked 
|  31|0x0000000081f00000, 0x0000000082000000, 0x0000000082000000|100%| O|  |TAMS 0x0000000082000000, 0x0000000081f00000| Untracked 
|  32|0x0000000082000000, 0x0000000082100000, 0x0000000082100000|100%| O|  |TAMS 0x0000000082100000, 0x0000000082000000| Untracked 
|  33|0x0000000082100000, 0x0000000082200000, 0x0000000082200000|100%| O|  |TAMS 0x0000000082200000, 0x0000000082100000| Untracked 
|  34|0x0000000082200000, 0x0000000082300000, 0x0000000082300000|100%| O|  |TAMS 0x0000000082300000, 0x0000000082200000| Untracked 
|  35|0x0000000082300000, 0x0000000082400000, 0x0000000082400000|100%| O|  |TAMS 0x0000000082400000, 0x0000000082300000| Untracked 
|  36|0x0000000082400000, 0x0000000082500000, 0x0000000082500000|100%| O|  |TAMS 0x0000000082500000, 0x0000000082400000| Untracked 
|  37|0x0000000082500000, 0x0000000082600000, 0x0000000082600000|100%| O|  |TAMS 0x0000000082600000, 0x0000000082500000| Untracked 
|  38|0x0000000082600000, 0x0000000082700000, 0x0000000082700000|100%| O|  |TAMS 0x0000000082700000, 0x0000000082600000| Untracked 
|  39|0x0000000082700000, 0x0000000082800000, 0x0000000082800000|100%| O|  |TAMS 0x0000000082700000, 0x0000000082700000| Untracked 
|  40|0x0000000082800000, 0x0000000082900000, 0x0000000082900000|100%| O|  |TAMS 0x0000000082900000, 0x0000000082800000| Untracked 
|  41|0x0000000082900000, 0x0000000082a00000, 0x0000000082a00000|100%|HS|  |TAMS 0x0000000082a00000, 0x0000000082900000| Complete 
|  42|0x0000000082a00000, 0x0000000082b00000, 0x0000000082b00000|100%|HS|  |TAMS 0x0000000082b00000, 0x0000000082a00000| Complete 
|  43|0x0000000082b00000, 0x0000000082c00000, 0x0000000082c00000|100%| O|  |TAMS 0x0000000082b00000, 0x0000000082b00000| Untracked 
|  44|0x0000000082c00000, 0x0000000082d00000, 0x0000000082d00000|100%| O|  |TAMS 0x0000000082c00000, 0x0000000082c00000| Untracked 
|  45|0x0000000082d00000, 0x0000000082e00000, 0x0000000082e00000|100%| O|  |TAMS 0x0000000082e00000, 0x0000000082d00000| Untracked 
|  46|0x0000000082e00000, 0x0000000082f00000, 0x0000000082f00000|100%|HS|  |TAMS 0x0000000082f00000, 0x0000000082e00000| Complete 
|  47|0x0000000082f00000, 0x0000000083000000, 0x0000000083000000|100%|HS|  |TAMS 0x0000000083000000, 0x0000000082f00000| Complete 
|  48|0x0000000083000000, 0x0000000083100000, 0x0000000083100000|100%| O|  |TAMS 0x0000000083100000, 0x0000000083000000| Untracked 
|  49|0x0000000083100000, 0x0000000083200000, 0x0000000083200000|100%|HS|  |TAMS 0x0000000083200000, 0x0000000083100000| Complete 
|  50|0x0000000083200000, 0x0000000083300000, 0x0000000083300000|100%| O|  |TAMS 0x0000000083300000, 0x0000000083200000| Untracked 
|  51|0x0000000083300000, 0x0000000083400000, 0x0000000083400000|100%| O|  |TAMS 0x0000000083400000, 0x0000000083300000| Untracked 
|  52|0x0000000083400000, 0x0000000083500000, 0x0000000083500000|100%| O|  |TAMS 0x0000000083500000, 0x0000000083400000| Untracked 
|  53|0x0000000083500000, 0x0000000083600000, 0x0000000083600000|100%| O|  |TAMS 0x0000000083600000, 0x0000000083500000| Untracked 
|  54|0x0000000083600000, 0x0000000083700000, 0x0000000083700000|100%| O|  |TAMS 0x0000000083700000, 0x0000000083600000| Untracked 
|  55|0x0000000083700000, 0x0000000083800000, 0x0000000083800000|100%| O|  |TAMS 0x0000000083800000, 0x0000000083700000| Untracked 
|  56|0x0000000083800000, 0x0000000083900000, 0x0000000083900000|100%| O|  |TAMS 0x0000000083900000, 0x0000000083800000| Untracked 
|  57|0x0000000083900000, 0x0000000083a00000, 0x0000000083a00000|100%| O|  |TAMS 0x0000000083a00000, 0x0000000083900000| Untracked 
|  58|0x0000000083a00000, 0x0000000083b00000, 0x0000000083b00000|100%| O|  |TAMS 0x0000000083a00000, 0x0000000083a00000| Untracked 
|  59|0x0000000083b00000, 0x0000000083c00000, 0x0000000083c00000|100%| O|  |TAMS 0x0000000083b00000, 0x0000000083b00000| Untracked 
|  60|0x0000000083c00000, 0x0000000083d00000, 0x0000000083d00000|100%| O|  |TAMS 0x0000000083d00000, 0x0000000083c00000| Untracked 
|  61|0x0000000083d00000, 0x0000000083e00000, 0x0000000083e00000|100%|HS|  |TAMS 0x0000000083e00000, 0x0000000083d00000| Complete 
|  62|0x0000000083e00000, 0x0000000083f00000, 0x0000000083f00000|100%| O|  |TAMS 0x0000000083f00000, 0x0000000083e00000| Untracked 
|  63|0x0000000083f00000, 0x0000000084000000, 0x0000000084000000|100%| O|  |TAMS 0x0000000083f00000, 0x0000000083f00000| Untracked 
|  64|0x0000000084000000, 0x0000000084100000, 0x0000000084100000|100%| O|  |TAMS 0x0000000084100000, 0x0000000084000000| Untracked 
|  65|0x0000000084100000, 0x0000000084200000, 0x0000000084200000|100%| O|  |TAMS 0x0000000084200000, 0x0000000084100000| Untracked 
|  66|0x0000000084200000, 0x0000000084300000, 0x0000000084300000|100%| O|  |TAMS 0x0000000084300000, 0x0000000084200000| Untracked 
|  67|0x0000000084300000, 0x0000000084400000, 0x0000000084400000|100%| O|  |TAMS 0x0000000084400000, 0x0000000084300000| Untracked 
|  68|0x0000000084400000, 0x0000000084500000, 0x0000000084500000|100%| O|  |TAMS 0x0000000084500000, 0x0000000084400000| Untracked 
|  69|0x0000000084500000, 0x0000000084600000, 0x0000000084600000|100%| O|  |TAMS 0x0000000084600000, 0x0000000084500000| Untracked 
|  70|0x0000000084600000, 0x0000000084700000, 0x0000000084700000|100%| O|  |TAMS 0x0000000084700000, 0x0000000084600000| Untracked 
|  71|0x0000000084700000, 0x0000000084800000, 0x0000000084800000|100%| O|  |TAMS 0x0000000084800000, 0x0000000084700000| Untracked 
|  72|0x0000000084800000, 0x0000000084900000, 0x0000000084900000|100%| O|  |TAMS 0x0000000084900000, 0x0000000084800000| Untracked 
|  73|0x0000000084900000, 0x0000000084a00000, 0x0000000084a00000|100%| O|  |TAMS 0x0000000084900000, 0x0000000084900000| Untracked 
|  74|0x0000000084a00000, 0x0000000084a00000, 0x0000000084b00000|  0%| F|  |TAMS 0x0000000084a00000, 0x0000000084a00000| Untracked 
|  75|0x0000000084b00000, 0x0000000084c00000, 0x0000000084c00000|100%| O|  |TAMS 0x0000000084c00000, 0x0000000084b00000| Untracked 
|  76|0x0000000084c00000, 0x0000000084d00000, 0x0000000084d00000|100%| O|  |TAMS 0x0000000084c00000, 0x0000000084c00000| Untracked 
|  77|0x0000000084d00000, 0x0000000084e00000, 0x0000000084e00000|100%| O|  |TAMS 0x0000000084e00000, 0x0000000084d00000| Untracked 
|  78|0x0000000084e00000, 0x0000000084e00000, 0x0000000084f00000|  0%| F|  |TAMS 0x0000000084e00000, 0x0000000084e00000| Untracked 
|  79|0x0000000084f00000, 0x0000000084f00000, 0x0000000085000000|  0%| F|  |TAMS 0x0000000084f00000, 0x0000000084f00000| Untracked 
|  80|0x0000000085000000, 0x0000000085000000, 0x0000000085100000|  0%| F|  |TAMS 0x0000000085000000, 0x0000000085000000| Untracked 
|  81|0x0000000085100000, 0x0000000085100000, 0x0000000085200000|  0%| F|  |TAMS 0x0000000085100000, 0x0000000085100000| Untracked 
|  82|0x0000000085200000, 0x0000000085200000, 0x0000000085300000|  0%| F|  |TAMS 0x0000000085200000, 0x0000000085200000| Untracked 
|  83|0x0000000085300000, 0x0000000085300000, 0x0000000085400000|  0%| F|  |TAMS 0x0000000085300000, 0x0000000085300000| Untracked 
|  84|0x0000000085400000, 0x0000000085500000, 0x0000000085500000|100%| O|  |TAMS 0x0000000085500000, 0x0000000085400000| Untracked 
|  85|0x0000000085500000, 0x0000000085600000, 0x0000000085600000|100%| O|  |TAMS 0x0000000085600000, 0x0000000085500000| Untracked 
|  86|0x0000000085600000, 0x0000000085600000, 0x0000000085700000|  0%| F|  |TAMS 0x0000000085600000, 0x0000000085600000| Untracked 
|  87|0x0000000085700000, 0x0000000085700000, 0x0000000085800000|  0%| F|  |TAMS 0x0000000085700000, 0x0000000085700000| Untracked 
|  88|0x0000000085800000, 0x0000000085900000, 0x0000000085900000|100%| O|  |TAMS 0x0000000085900000, 0x0000000085800000| Untracked 
|  89|0x0000000085900000, 0x0000000085a00000, 0x0000000085a00000|100%| O|  |TAMS 0x0000000085a00000, 0x0000000085900000| Untracked 
|  90|0x0000000085a00000, 0x0000000085a00000, 0x0000000085b00000|  0%| F|  |TAMS 0x0000000085a00000, 0x0000000085a00000| Untracked 
|  91|0x0000000085b00000, 0x0000000085b00000, 0x0000000085c00000|  0%| F|  |TAMS 0x0000000085b00000, 0x0000000085b00000| Untracked 
|  92|0x0000000085c00000, 0x0000000085d00000, 0x0000000085d00000|100%| O|  |TAMS 0x0000000085d00000, 0x0000000085c00000| Untracked 
|  93|0x0000000085d00000, 0x0000000085e00000, 0x0000000085e00000|100%| O|  |TAMS 0x0000000085e00000, 0x0000000085d00000| Untracked 
|  94|0x0000000085e00000, 0x0000000085e00000, 0x0000000085f00000|  0%| F|  |TAMS 0x0000000085e00000, 0x0000000085e00000| Untracked 
|  95|0x0000000085f00000, 0x0000000086000000, 0x0000000086000000|100%| O|  |TAMS 0x0000000085f00000, 0x0000000085f00000| Untracked 
|  96|0x0000000086000000, 0x0000000086100000, 0x0000000086100000|100%| O|  |TAMS 0x0000000086000000, 0x0000000086000000| Untracked 
|  97|0x0000000086100000, 0x0000000086100000, 0x0000000086200000|  0%| F|  |TAMS 0x0000000086100000, 0x0000000086100000| Untracked 
|  98|0x0000000086200000, 0x0000000086200000, 0x0000000086300000|  0%| F|  |TAMS 0x0000000086200000, 0x0000000086200000| Untracked 
|  99|0x0000000086300000, 0x0000000086400000, 0x0000000086400000|100%| O|  |TAMS 0x0000000086400000, 0x0000000086300000| Untracked 
| 100|0x0000000086400000, 0x0000000086500000, 0x0000000086500000|100%| O|  |TAMS 0x0000000086500000, 0x0000000086400000| Untracked 
| 101|0x0000000086500000, 0x0000000086600000, 0x0000000086600000|100%| O|  |TAMS 0x0000000086600000, 0x0000000086500000| Untracked 
| 102|0x0000000086600000, 0x0000000086700000, 0x0000000086700000|100%| O|  |TAMS 0x0000000086700000, 0x0000000086600000| Untracked 
| 103|0x0000000086700000, 0x0000000086800000, 0x0000000086800000|100%| O|  |TAMS 0x0000000086700000, 0x0000000086700000| Untracked 
| 104|0x0000000086800000, 0x0000000086900000, 0x0000000086900000|100%| O|  |TAMS 0x0000000086900000, 0x0000000086800000| Untracked 
| 105|0x0000000086900000, 0x0000000086a00000, 0x0000000086a00000|100%| O|  |TAMS 0x0000000086a00000, 0x0000000086900000| Untracked 
| 106|0x0000000086a00000, 0x0000000086b00000, 0x0000000086b00000|100%| O|  |TAMS 0x0000000086b00000, 0x0000000086a00000| Untracked 
| 107|0x0000000086b00000, 0x0000000086b00000, 0x0000000086c00000|  0%| F|  |TAMS 0x0000000086b00000, 0x0000000086b00000| Untracked 
| 108|0x0000000086c00000, 0x0000000086d00000, 0x0000000086d00000|100%| O|  |TAMS 0x0000000086d00000, 0x0000000086c00000| Untracked 
| 109|0x0000000086d00000, 0x0000000086e00000, 0x0000000086e00000|100%| O|  |TAMS 0x0000000086e00000, 0x0000000086d00000| Untracked 
| 110|0x0000000086e00000, 0x0000000086f00000, 0x0000000086f00000|100%| O|  |TAMS 0x0000000086e00000, 0x0000000086e00000| Untracked 
| 111|0x0000000086f00000, 0x0000000087000000, 0x0000000087000000|100%| O|  |TAMS 0x0000000087000000, 0x0000000086f00000| Untracked 
| 112|0x0000000087000000, 0x0000000087100000, 0x0000000087100000|100%| O|  |TAMS 0x0000000087100000, 0x0000000087000000| Untracked 
| 113|0x0000000087100000, 0x0000000087200000, 0x0000000087200000|100%| O|  |TAMS 0x0000000087200000, 0x0000000087100000| Untracked 
| 114|0x0000000087200000, 0x0000000087300000, 0x0000000087300000|100%| O|  |TAMS 0x0000000087300000, 0x0000000087200000| Untracked 
| 115|0x0000000087300000, 0x0000000087400000, 0x0000000087400000|100%| O|  |TAMS 0x0000000087400000, 0x0000000087300000| Untracked 
| 116|0x0000000087400000, 0x0000000087400000, 0x0000000087500000|  0%| F|  |TAMS 0x0000000087400000, 0x0000000087400000| Untracked 
| 117|0x0000000087500000, 0x0000000087500000, 0x0000000087600000|  0%| F|  |TAMS 0x0000000087500000, 0x0000000087500000| Untracked 
| 118|0x0000000087600000, 0x0000000087600000, 0x0000000087700000|  0%| F|  |TAMS 0x0000000087600000, 0x0000000087600000| Untracked 
| 119|0x0000000087700000, 0x0000000087700000, 0x0000000087800000|  0%| F|  |TAMS 0x0000000087700000, 0x0000000087700000| Untracked 
| 120|0x0000000087800000, 0x0000000087800000, 0x0000000087900000|  0%| F|  |TAMS 0x0000000087800000, 0x0000000087800000| Untracked 
| 121|0x0000000087900000, 0x0000000087900000, 0x0000000087a00000|  0%| F|  |TAMS 0x0000000087900000, 0x0000000087900000| Untracked 
| 122|0x0000000087a00000, 0x0000000087b00000, 0x0000000087b00000|100%| O|  |TAMS 0x0000000087b00000, 0x0000000087a00000| Untracked 
| 123|0x0000000087b00000, 0x0000000087b00000, 0x0000000087c00000|  0%| F|  |TAMS 0x0000000087b00000, 0x0000000087b00000| Untracked 
| 124|0x0000000087c00000, 0x0000000087d00000, 0x0000000087d00000|100%| O|  |TAMS 0x0000000087d00000, 0x0000000087c00000| Untracked 
| 125|0x0000000087d00000, 0x0000000087e00000, 0x0000000087e00000|100%| O|  |TAMS 0x0000000087e00000, 0x0000000087d00000| Untracked 
| 126|0x0000000087e00000, 0x0000000087e00000, 0x0000000087f00000|  0%| F|  |TAMS 0x0000000087e00000, 0x0000000087e00000| Untracked 
| 127|0x0000000087f00000, 0x0000000088000000, 0x0000000088000000|100%| O|  |TAMS 0x0000000088000000, 0x0000000087f00000| Untracked 
| 128|0x0000000088000000, 0x0000000088100000, 0x0000000088100000|100%| O|  |TAMS 0x0000000088000000, 0x0000000088000000| Untracked 
| 129|0x0000000088100000, 0x0000000088100000, 0x0000000088200000|  0%| F|  |TAMS 0x0000000088100000, 0x0000000088100000| Untracked 
| 130|0x0000000088200000, 0x0000000088200000, 0x0000000088300000|  0%| F|  |TAMS 0x0000000088200000, 0x0000000088200000| Untracked 
| 131|0x0000000088300000, 0x0000000088400000, 0x0000000088400000|100%| O|  |TAMS 0x0000000088300000, 0x0000000088300000| Untracked 
| 132|0x0000000088400000, 0x0000000088400000, 0x0000000088500000|  0%| F|  |TAMS 0x0000000088400000, 0x0000000088400000| Untracked 
| 133|0x0000000088500000, 0x0000000088500000, 0x0000000088600000|  0%| F|  |TAMS 0x0000000088500000, 0x0000000088500000| Untracked 
| 134|0x0000000088600000, 0x0000000088700000, 0x0000000088700000|100%| O|  |TAMS 0x0000000088600000, 0x0000000088600000| Untracked 
| 135|0x0000000088700000, 0x0000000088800000, 0x0000000088800000|100%| O|  |TAMS 0x0000000088700000, 0x0000000088700000| Untracked 
| 136|0x0000000088800000, 0x0000000088900000, 0x0000000088900000|100%| O|  |TAMS 0x0000000088800000, 0x0000000088800000| Untracked 
| 137|0x0000000088900000, 0x0000000088900000, 0x0000000088a00000|  0%| F|  |TAMS 0x0000000088900000, 0x0000000088900000| Untracked 
| 138|0x0000000088a00000, 0x0000000088a00000, 0x0000000088b00000|  0%| F|  |TAMS 0x0000000088a00000, 0x0000000088a00000| Untracked 
| 139|0x0000000088b00000, 0x0000000088b00000, 0x0000000088c00000|  0%| F|  |TAMS 0x0000000088b00000, 0x0000000088b00000| Untracked 
| 140|0x0000000088c00000, 0x0000000088c00000, 0x0000000088d00000|  0%| F|  |TAMS 0x0000000088c00000, 0x0000000088c00000| Untracked 
| 141|0x0000000088d00000, 0x0000000088d00000, 0x0000000088e00000|  0%| F|  |TAMS 0x0000000088d00000, 0x0000000088d00000| Untracked 
| 142|0x0000000088e00000, 0x0000000088f00000, 0x0000000088f00000|100%| O|  |TAMS 0x0000000088f00000, 0x0000000088e00000| Untracked 
| 143|0x0000000088f00000, 0x0000000088f00000, 0x0000000089000000|  0%| F|  |TAMS 0x0000000088f00000, 0x0000000088f00000| Untracked 
| 144|0x0000000089000000, 0x0000000089000000, 0x0000000089100000|  0%| F|  |TAMS 0x0000000089000000, 0x0000000089000000| Untracked 
| 145|0x0000000089100000, 0x0000000089100000, 0x0000000089200000|  0%| F|  |TAMS 0x0000000089100000, 0x0000000089100000| Untracked 
| 146|0x0000000089200000, 0x0000000089300000, 0x0000000089300000|100%| O|  |TAMS 0x0000000089300000, 0x0000000089200000| Untracked 
| 147|0x0000000089300000, 0x0000000089400000, 0x0000000089400000|100%| O|  |TAMS 0x0000000089400000, 0x0000000089300000| Untracked 
| 148|0x0000000089400000, 0x0000000089400000, 0x0000000089500000|  0%| F|  |TAMS 0x0000000089400000, 0x0000000089400000| Untracked 
| 149|0x0000000089500000, 0x0000000089600000, 0x0000000089600000|100%| O|  |TAMS 0x0000000089500000, 0x0000000089500000| Untracked 
| 150|0x0000000089600000, 0x0000000089600000, 0x0000000089700000|  0%| F|  |TAMS 0x0000000089600000, 0x0000000089600000| Untracked 
| 151|0x0000000089700000, 0x0000000089700000, 0x0000000089800000|  0%| F|  |TAMS 0x0000000089700000, 0x0000000089700000| Untracked 
| 152|0x0000000089800000, 0x0000000089800000, 0x0000000089900000|  0%| F|  |TAMS 0x0000000089800000, 0x0000000089800000| Untracked 
| 153|0x0000000089900000, 0x0000000089900000, 0x0000000089a00000|  0%| F|  |TAMS 0x0000000089900000, 0x0000000089900000| Untracked 
| 154|0x0000000089a00000, 0x0000000089b00000, 0x0000000089b00000|100%| O|  |TAMS 0x0000000089a00000, 0x0000000089a00000| Untracked 
| 155|0x0000000089b00000, 0x0000000089c00000, 0x0000000089c00000|100%| O|  |TAMS 0x0000000089b00000, 0x0000000089b00000| Untracked 
| 156|0x0000000089c00000, 0x0000000089d00000, 0x0000000089d00000|100%| O|  |TAMS 0x0000000089c00000, 0x0000000089c00000| Untracked 
| 157|0x0000000089d00000, 0x0000000089e00000, 0x0000000089e00000|100%| O|  |TAMS 0x0000000089d00000, 0x0000000089d00000| Untracked 
| 158|0x0000000089e00000, 0x0000000089f00000, 0x0000000089f00000|100%| O|  |TAMS 0x0000000089e00000, 0x0000000089e00000| Untracked 
| 159|0x0000000089f00000, 0x000000008a000000, 0x000000008a000000|100%| O|  |TAMS 0x0000000089f00000, 0x0000000089f00000| Untracked 
| 160|0x000000008a000000, 0x000000008a100000, 0x000000008a100000|100%| O|  |TAMS 0x000000008a000000, 0x000000008a000000| Untracked 
| 161|0x000000008a100000, 0x000000008a200000, 0x000000008a200000|100%| O|  |TAMS 0x000000008a100000, 0x000000008a100000| Untracked 
| 162|0x000000008a200000, 0x000000008a300000, 0x000000008a300000|100%| O|  |TAMS 0x000000008a200000, 0x000000008a200000| Untracked 
| 163|0x000000008a300000, 0x000000008a400000, 0x000000008a400000|100%| O|  |TAMS 0x000000008a300000, 0x000000008a300000| Untracked 
| 164|0x000000008a400000, 0x000000008a500000, 0x000000008a500000|100%| O|  |TAMS 0x000000008a400000, 0x000000008a400000| Untracked 
| 165|0x000000008a500000, 0x000000008a600000, 0x000000008a600000|100%| O|  |TAMS 0x000000008a500000, 0x000000008a500000| Untracked 
| 166|0x000000008a600000, 0x000000008a700000, 0x000000008a700000|100%| O|  |TAMS 0x000000008a600000, 0x000000008a600000| Untracked 
| 167|0x000000008a700000, 0x000000008a800000, 0x000000008a800000|100%| O|  |TAMS 0x000000008a700000, 0x000000008a700000| Untracked 
| 168|0x000000008a800000, 0x000000008a900000, 0x000000008a900000|100%| O|  |TAMS 0x000000008a800000, 0x000000008a800000| Untracked 
| 169|0x000000008a900000, 0x000000008aa00000, 0x000000008aa00000|100%| O|  |TAMS 0x000000008a900000, 0x000000008a900000| Untracked 
| 170|0x000000008aa00000, 0x000000008ab00000, 0x000000008ab00000|100%| O|  |TAMS 0x000000008aa00000, 0x000000008aa00000| Untracked 
| 171|0x000000008ab00000, 0x000000008ac00000, 0x000000008ac00000|100%| O|  |TAMS 0x000000008ab00000, 0x000000008ab00000| Untracked 
| 172|0x000000008ac00000, 0x000000008ad00000, 0x000000008ad00000|100%| O|  |TAMS 0x000000008ac00000, 0x000000008ac00000| Untracked 
| 173|0x000000008ad00000, 0x000000008ae00000, 0x000000008ae00000|100%| O|  |TAMS 0x000000008ad00000, 0x000000008ad00000| Untracked 
| 174|0x000000008ae00000, 0x000000008af00000, 0x000000008af00000|100%| O|  |TAMS 0x000000008ae00000, 0x000000008ae00000| Untracked 
| 175|0x000000008af00000, 0x000000008b000000, 0x000000008b000000|100%| O|  |TAMS 0x000000008af00000, 0x000000008af00000| Untracked 
| 176|0x000000008b000000, 0x000000008b100000, 0x000000008b100000|100%| O|  |TAMS 0x000000008b000000, 0x000000008b000000| Untracked 
| 177|0x000000008b100000, 0x000000008b200000, 0x000000008b200000|100%| O|  |TAMS 0x000000008b100000, 0x000000008b100000| Untracked 
| 178|0x000000008b200000, 0x000000008b300000, 0x000000008b300000|100%| O|  |TAMS 0x000000008b200000, 0x000000008b200000| Untracked 
| 179|0x000000008b300000, 0x000000008b400000, 0x000000008b400000|100%| O|  |TAMS 0x000000008b300000, 0x000000008b300000| Untracked 
| 180|0x000000008b400000, 0x000000008b500000, 0x000000008b500000|100%| O|  |TAMS 0x000000008b400000, 0x000000008b400000| Untracked 
| 181|0x000000008b500000, 0x000000008b600000, 0x000000008b600000|100%| O|  |TAMS 0x000000008b500000, 0x000000008b500000| Untracked 
| 182|0x000000008b600000, 0x000000008b700000, 0x000000008b700000|100%| O|  |TAMS 0x000000008b600000, 0x000000008b600000| Untracked 
| 183|0x000000008b700000, 0x000000008b800000, 0x000000008b800000|100%| O|  |TAMS 0x000000008b700000, 0x000000008b700000| Untracked 
| 184|0x000000008b800000, 0x000000008b900000, 0x000000008b900000|100%| O|  |TAMS 0x000000008b800000, 0x000000008b800000| Untracked 
| 185|0x000000008b900000, 0x000000008b900000, 0x000000008ba00000|  0%| F|  |TAMS 0x000000008b900000, 0x000000008b900000| Untracked 
| 186|0x000000008ba00000, 0x000000008ba00000, 0x000000008bb00000|  0%| F|  |TAMS 0x000000008ba00000, 0x000000008ba00000| Untracked 
| 187|0x000000008bb00000, 0x000000008bb00000, 0x000000008bc00000|  0%| F|  |TAMS 0x000000008bb00000, 0x000000008bb00000| Untracked 
| 188|0x000000008bc00000, 0x000000008bc00000, 0x000000008bd00000|  0%| F|  |TAMS 0x000000008bc00000, 0x000000008bc00000| Untracked 
| 189|0x000000008bd00000, 0x000000008bd00000, 0x000000008be00000|  0%| F|  |TAMS 0x000000008bd00000, 0x000000008bd00000| Untracked 
| 190|0x000000008be00000, 0x000000008bf00000, 0x000000008bf00000|100%| O|  |TAMS 0x000000008be00000, 0x000000008be00000| Untracked 
| 191|0x000000008bf00000, 0x000000008c000000, 0x000000008c000000|100%| O|  |TAMS 0x000000008bf00000, 0x000000008bf00000| Untracked 
| 192|0x000000008c000000, 0x000000008c100000, 0x000000008c100000|100%| O|  |TAMS 0x000000008c000000, 0x000000008c000000| Untracked 
| 193|0x000000008c100000, 0x000000008c200000, 0x000000008c200000|100%| O|  |TAMS 0x000000008c100000, 0x000000008c100000| Untracked 
| 194|0x000000008c200000, 0x000000008c300000, 0x000000008c300000|100%| O|  |TAMS 0x000000008c200000, 0x000000008c200000| Untracked 
| 195|0x000000008c300000, 0x000000008c400000, 0x000000008c400000|100%| O|  |TAMS 0x000000008c300000, 0x000000008c300000| Untracked 
| 196|0x000000008c400000, 0x000000008c500000, 0x000000008c500000|100%| O|  |TAMS 0x000000008c400000, 0x000000008c400000| Untracked 
| 197|0x000000008c500000, 0x000000008c600000, 0x000000008c600000|100%| O|  |TAMS 0x000000008c500000, 0x000000008c500000| Untracked 
| 198|0x000000008c600000, 0x000000008c700000, 0x000000008c700000|100%| O|  |TAMS 0x000000008c600000, 0x000000008c600000| Untracked 
| 199|0x000000008c700000, 0x000000008c800000, 0x000000008c800000|100%| O|  |TAMS 0x000000008c700000, 0x000000008c700000| Untracked 
| 200|0x000000008c800000, 0x000000008c900000, 0x000000008c900000|100%| O|  |TAMS 0x000000008c800000, 0x000000008c800000| Untracked 
| 201|0x000000008c900000, 0x000000008ca00000, 0x000000008ca00000|100%| O|  |TAMS 0x000000008c900000, 0x000000008c900000| Untracked 
| 202|0x000000008ca00000, 0x000000008cb00000, 0x000000008cb00000|100%| O|  |TAMS 0x000000008ca00000, 0x000000008ca00000| Untracked 
| 203|0x000000008cb00000, 0x000000008cb00000, 0x000000008cc00000|  0%| F|  |TAMS 0x000000008cb00000, 0x000000008cb00000| Untracked 
| 204|0x000000008cc00000, 0x000000008cc00000, 0x000000008cd00000|  0%| F|  |TAMS 0x000000008cc00000, 0x000000008cc00000| Untracked 
| 205|0x000000008cd00000, 0x000000008cd00000, 0x000000008ce00000|  0%| F|  |TAMS 0x000000008cd00000, 0x000000008cd00000| Untracked 
| 206|0x000000008ce00000, 0x000000008ce00000, 0x000000008cf00000|  0%| F|  |TAMS 0x000000008ce00000, 0x000000008ce00000| Untracked 
| 207|0x000000008cf00000, 0x000000008cf00000, 0x000000008d000000|  0%| F|  |TAMS 0x000000008cf00000, 0x000000008cf00000| Untracked 
| 208|0x000000008d000000, 0x000000008d000000, 0x000000008d100000|  0%| F|  |TAMS 0x000000008d000000, 0x000000008d000000| Untracked 
| 209|0x000000008d100000, 0x000000008d100000, 0x000000008d200000|  0%| F|  |TAMS 0x000000008d100000, 0x000000008d100000| Untracked 
| 210|0x000000008d200000, 0x000000008d200000, 0x000000008d300000|  0%| F|  |TAMS 0x000000008d200000, 0x000000008d200000| Untracked 
| 211|0x000000008d300000, 0x000000008d300000, 0x000000008d400000|  0%| F|  |TAMS 0x000000008d300000, 0x000000008d300000| Untracked 
| 212|0x000000008d400000, 0x000000008d400000, 0x000000008d500000|  0%| F|  |TAMS 0x000000008d400000, 0x000000008d400000| Untracked 
| 213|0x000000008d500000, 0x000000008d500000, 0x000000008d600000|  0%| F|  |TAMS 0x000000008d500000, 0x000000008d500000| Untracked 
| 214|0x000000008d600000, 0x000000008d600000, 0x000000008d700000|  0%| F|  |TAMS 0x000000008d600000, 0x000000008d600000| Untracked 
| 215|0x000000008d700000, 0x000000008d700000, 0x000000008d800000|  0%| F|  |TAMS 0x000000008d700000, 0x000000008d700000| Untracked 
| 216|0x000000008d800000, 0x000000008d800000, 0x000000008d900000|  0%| F|  |TAMS 0x000000008d800000, 0x000000008d800000| Untracked 
| 217|0x000000008d900000, 0x000000008d900000, 0x000000008da00000|  0%| F|  |TAMS 0x000000008d900000, 0x000000008d900000| Untracked 
| 218|0x000000008da00000, 0x000000008da00000, 0x000000008db00000|  0%| F|  |TAMS 0x000000008da00000, 0x000000008da00000| Untracked 
| 219|0x000000008db00000, 0x000000008db00000, 0x000000008dc00000|  0%| F|  |TAMS 0x000000008db00000, 0x000000008db00000| Untracked 
| 220|0x000000008dc00000, 0x000000008dc00000, 0x000000008dd00000|  0%| F|  |TAMS 0x000000008dc00000, 0x000000008dc00000| Untracked 
| 221|0x000000008dd00000, 0x000000008dd00000, 0x000000008de00000|  0%| F|  |TAMS 0x000000008dd00000, 0x000000008dd00000| Untracked 
| 222|0x000000008de00000, 0x000000008de00000, 0x000000008df00000|  0%| F|  |TAMS 0x000000008de00000, 0x000000008de00000| Untracked 
| 223|0x000000008df00000, 0x000000008df00000, 0x000000008e000000|  0%| F|  |TAMS 0x000000008df00000, 0x000000008df00000| Untracked 
| 224|0x000000008e000000, 0x000000008e000000, 0x000000008e100000|  0%| F|  |TAMS 0x000000008e000000, 0x000000008e000000| Untracked 
| 225|0x000000008e100000, 0x000000008e100000, 0x000000008e200000|  0%| F|  |TAMS 0x000000008e100000, 0x000000008e100000| Untracked 
| 226|0x000000008e200000, 0x000000008e200000, 0x000000008e300000|  0%| F|  |TAMS 0x000000008e200000, 0x000000008e200000| Untracked 
| 227|0x000000008e300000, 0x000000008e300000, 0x000000008e400000|  0%| F|  |TAMS 0x000000008e300000, 0x000000008e300000| Untracked 
| 228|0x000000008e400000, 0x000000008e400000, 0x000000008e500000|  0%| F|  |TAMS 0x000000008e400000, 0x000000008e400000| Untracked 
| 229|0x000000008e500000, 0x000000008e500000, 0x000000008e600000|  0%| F|  |TAMS 0x000000008e500000, 0x000000008e500000| Untracked 
| 230|0x000000008e600000, 0x000000008e600000, 0x000000008e700000|  0%| F|  |TAMS 0x000000008e600000, 0x000000008e600000| Untracked 
| 231|0x000000008e700000, 0x000000008e700000, 0x000000008e800000|  0%| F|  |TAMS 0x000000008e700000, 0x000000008e700000| Untracked 
| 232|0x000000008e800000, 0x000000008e800000, 0x000000008e900000|  0%| F|  |TAMS 0x000000008e800000, 0x000000008e800000| Untracked 
| 233|0x000000008e900000, 0x000000008e900000, 0x000000008ea00000|  0%| F|  |TAMS 0x000000008e900000, 0x000000008e900000| Untracked 
| 234|0x000000008ea00000, 0x000000008ea00000, 0x000000008eb00000|  0%| F|  |TAMS 0x000000008ea00000, 0x000000008ea00000| Untracked 
| 235|0x000000008eb00000, 0x000000008eb00000, 0x000000008ec00000|  0%| F|  |TAMS 0x000000008eb00000, 0x000000008eb00000| Untracked 
| 236|0x000000008ec00000, 0x000000008ec00000, 0x000000008ed00000|  0%| F|  |TAMS 0x000000008ec00000, 0x000000008ec00000| Untracked 
| 237|0x000000008ed00000, 0x000000008ed00000, 0x000000008ee00000|  0%| F|  |TAMS 0x000000008ed00000, 0x000000008ed00000| Untracked 
| 238|0x000000008ee00000, 0x000000008ee00000, 0x000000008ef00000|  0%| F|  |TAMS 0x000000008ee00000, 0x000000008ee00000| Untracked 
| 239|0x000000008ef00000, 0x000000008ef00000, 0x000000008f000000|  0%| F|  |TAMS 0x000000008ef00000, 0x000000008ef00000| Untracked 
| 240|0x000000008f000000, 0x000000008f000000, 0x000000008f100000|  0%| F|  |TAMS 0x000000008f000000, 0x000000008f000000| Untracked 
| 241|0x000000008f100000, 0x000000008f100000, 0x000000008f200000|  0%| F|  |TAMS 0x000000008f100000, 0x000000008f100000| Untracked 
| 242|0x000000008f200000, 0x000000008f200000, 0x000000008f300000|  0%| F|  |TAMS 0x000000008f200000, 0x000000008f200000| Untracked 
| 243|0x000000008f300000, 0x000000008f300000, 0x000000008f400000|  0%| F|  |TAMS 0x000000008f300000, 0x000000008f300000| Untracked 
| 244|0x000000008f400000, 0x000000008f400000, 0x000000008f500000|  0%| F|  |TAMS 0x000000008f400000, 0x000000008f400000| Untracked 
| 245|0x000000008f500000, 0x000000008f500000, 0x000000008f600000|  0%| F|  |TAMS 0x000000008f500000, 0x000000008f500000| Untracked 
| 246|0x000000008f600000, 0x000000008f600000, 0x000000008f700000|  0%| F|  |TAMS 0x000000008f600000, 0x000000008f600000| Untracked 
| 247|0x000000008f700000, 0x000000008f700000, 0x000000008f800000|  0%| F|  |TAMS 0x000000008f700000, 0x000000008f700000| Untracked 
| 248|0x000000008f800000, 0x000000008f800000, 0x000000008f900000|  0%| F|  |TAMS 0x000000008f800000, 0x000000008f800000| Untracked 
| 249|0x000000008f900000, 0x000000008f900000, 0x000000008fa00000|  0%| F|  |TAMS 0x000000008f900000, 0x000000008f900000| Untracked 
| 250|0x000000008fa00000, 0x000000008fa00000, 0x000000008fb00000|  0%| F|  |TAMS 0x000000008fa00000, 0x000000008fa00000| Untracked 
| 251|0x000000008fb00000, 0x000000008fb00000, 0x000000008fc00000|  0%| F|  |TAMS 0x000000008fb00000, 0x000000008fb00000| Untracked 
| 252|0x000000008fc00000, 0x000000008fc00000, 0x000000008fd00000|  0%| F|  |TAMS 0x000000008fc00000, 0x000000008fc00000| Untracked 
| 253|0x000000008fd00000, 0x000000008fd00000, 0x000000008fe00000|  0%| F|  |TAMS 0x000000008fd00000, 0x000000008fd00000| Untracked 
| 254|0x000000008fe00000, 0x000000008fe00000, 0x000000008ff00000|  0%| F|  |TAMS 0x000000008fe00000, 0x000000008fe00000| Untracked 
| 255|0x000000008ff00000, 0x000000008ff00000, 0x0000000090000000|  0%| F|  |TAMS 0x000000008ff00000, 0x000000008ff00000| Untracked 
| 256|0x0000000090000000, 0x0000000090000000, 0x0000000090100000|  0%| F|  |TAMS 0x0000000090000000, 0x0000000090000000| Untracked 
| 257|0x0000000090100000, 0x0000000090100000, 0x0000000090200000|  0%| F|  |TAMS 0x0000000090100000, 0x0000000090100000| Untracked 
| 258|0x0000000090200000, 0x0000000090200000, 0x0000000090300000|  0%| F|  |TAMS 0x0000000090200000, 0x0000000090200000| Untracked 
| 259|0x0000000090300000, 0x0000000090300000, 0x0000000090400000|  0%| F|  |TAMS 0x0000000090300000, 0x0000000090300000| Untracked 
| 260|0x0000000090400000, 0x0000000090400000, 0x0000000090500000|  0%| F|  |TAMS 0x0000000090400000, 0x0000000090400000| Untracked 
| 261|0x0000000090500000, 0x0000000090500000, 0x0000000090600000|  0%| F|  |TAMS 0x0000000090500000, 0x0000000090500000| Untracked 
| 262|0x0000000090600000, 0x0000000090600000, 0x0000000090700000|  0%| F|  |TAMS 0x0000000090600000, 0x0000000090600000| Untracked 
| 263|0x0000000090700000, 0x0000000090700000, 0x0000000090800000|  0%| F|  |TAMS 0x0000000090700000, 0x0000000090700000| Untracked 
| 264|0x0000000090800000, 0x0000000090800000, 0x0000000090900000|  0%| F|  |TAMS 0x0000000090800000, 0x0000000090800000| Untracked 
| 265|0x0000000090900000, 0x0000000090900000, 0x0000000090a00000|  0%| F|  |TAMS 0x0000000090900000, 0x0000000090900000| Untracked 
| 266|0x0000000090a00000, 0x0000000090a00000, 0x0000000090b00000|  0%| F|  |TAMS 0x0000000090a00000, 0x0000000090a00000| Untracked 
| 267|0x0000000090b00000, 0x0000000090b00000, 0x0000000090c00000|  0%| F|  |TAMS 0x0000000090b00000, 0x0000000090b00000| Untracked 
| 268|0x0000000090c00000, 0x0000000090c00000, 0x0000000090d00000|  0%| F|  |TAMS 0x0000000090c00000, 0x0000000090c00000| Untracked 
| 269|0x0000000090d00000, 0x0000000090d00000, 0x0000000090e00000|  0%| F|  |TAMS 0x0000000090d00000, 0x0000000090d00000| Untracked 
| 270|0x0000000090e00000, 0x0000000090e00000, 0x0000000090f00000|  0%| F|  |TAMS 0x0000000090e00000, 0x0000000090e00000| Untracked 
| 271|0x0000000090f00000, 0x0000000090f00000, 0x0000000091000000|  0%| F|  |TAMS 0x0000000090f00000, 0x0000000090f00000| Untracked 
| 272|0x0000000091000000, 0x0000000091000000, 0x0000000091100000|  0%| F|  |TAMS 0x0000000091000000, 0x0000000091000000| Untracked 
| 273|0x0000000091100000, 0x0000000091100000, 0x0000000091200000|  0%| F|  |TAMS 0x0000000091100000, 0x0000000091100000| Untracked 
| 274|0x0000000091200000, 0x0000000091200000, 0x0000000091300000|  0%| F|  |TAMS 0x0000000091200000, 0x0000000091200000| Untracked 
| 275|0x0000000091300000, 0x0000000091300000, 0x0000000091400000|  0%| F|  |TAMS 0x0000000091300000, 0x0000000091300000| Untracked 
| 276|0x0000000091400000, 0x0000000091400000, 0x0000000091500000|  0%| F|  |TAMS 0x0000000091400000, 0x0000000091400000| Untracked 
| 277|0x0000000091500000, 0x0000000091500000, 0x0000000091600000|  0%| F|  |TAMS 0x0000000091500000, 0x0000000091500000| Untracked 
| 278|0x0000000091600000, 0x0000000091600000, 0x0000000091700000|  0%| F|  |TAMS 0x0000000091600000, 0x0000000091600000| Untracked 
| 279|0x0000000091700000, 0x0000000091700000, 0x0000000091800000|  0%| F|  |TAMS 0x0000000091700000, 0x0000000091700000| Untracked 
| 280|0x0000000091800000, 0x0000000091800000, 0x0000000091900000|  0%| F|  |TAMS 0x0000000091800000, 0x0000000091800000| Untracked 
| 281|0x0000000091900000, 0x0000000091900000, 0x0000000091a00000|  0%| F|  |TAMS 0x0000000091900000, 0x0000000091900000| Untracked 
| 282|0x0000000091a00000, 0x0000000091a00000, 0x0000000091b00000|  0%| F|  |TAMS 0x0000000091a00000, 0x0000000091a00000| Untracked 
| 283|0x0000000091b00000, 0x0000000091b00000, 0x0000000091c00000|  0%| F|  |TAMS 0x0000000091b00000, 0x0000000091b00000| Untracked 
| 284|0x0000000091c00000, 0x0000000091c00000, 0x0000000091d00000|  0%| F|  |TAMS 0x0000000091c00000, 0x0000000091c00000| Untracked 
| 285|0x0000000091d00000, 0x0000000091d00000, 0x0000000091e00000|  0%| F|  |TAMS 0x0000000091d00000, 0x0000000091d00000| Untracked 
| 286|0x0000000091e00000, 0x0000000091e00000, 0x0000000091f00000|  0%| F|  |TAMS 0x0000000091e00000, 0x0000000091e00000| Untracked 
| 287|0x0000000091f00000, 0x0000000091f00000, 0x0000000092000000|  0%| F|  |TAMS 0x0000000091f00000, 0x0000000091f00000| Untracked 
| 288|0x0000000092000000, 0x0000000092000000, 0x0000000092100000|  0%| F|  |TAMS 0x0000000092000000, 0x0000000092000000| Untracked 
| 289|0x0000000092100000, 0x0000000092100000, 0x0000000092200000|  0%| F|  |TAMS 0x0000000092100000, 0x0000000092100000| Untracked 
| 290|0x0000000092200000, 0x0000000092200000, 0x0000000092300000|  0%| F|  |TAMS 0x0000000092200000, 0x0000000092200000| Untracked 
| 291|0x0000000092300000, 0x0000000092300000, 0x0000000092400000|  0%| F|  |TAMS 0x0000000092300000, 0x0000000092300000| Untracked 
| 292|0x0000000092400000, 0x0000000092400000, 0x0000000092500000|  0%| F|  |TAMS 0x0000000092400000, 0x0000000092400000| Untracked 
| 293|0x0000000092500000, 0x0000000092500000, 0x0000000092600000|  0%| F|  |TAMS 0x0000000092500000, 0x0000000092500000| Untracked 
| 294|0x0000000092600000, 0x0000000092600000, 0x0000000092700000|  0%| F|  |TAMS 0x0000000092600000, 0x0000000092600000| Untracked 
| 295|0x0000000092700000, 0x0000000092700000, 0x0000000092800000|  0%| F|  |TAMS 0x0000000092700000, 0x0000000092700000| Untracked 
| 296|0x0000000092800000, 0x0000000092800000, 0x0000000092900000|  0%| F|  |TAMS 0x0000000092800000, 0x0000000092800000| Untracked 
| 297|0x0000000092900000, 0x0000000092900000, 0x0000000092a00000|  0%| F|  |TAMS 0x0000000092900000, 0x0000000092900000| Untracked 
| 298|0x0000000092a00000, 0x0000000092a00000, 0x0000000092b00000|  0%| F|  |TAMS 0x0000000092a00000, 0x0000000092a00000| Untracked 
| 299|0x0000000092b00000, 0x0000000092b00000, 0x0000000092c00000|  0%| F|  |TAMS 0x0000000092b00000, 0x0000000092b00000| Untracked 
| 300|0x0000000092c00000, 0x0000000092c00000, 0x0000000092d00000|  0%| F|  |TAMS 0x0000000092c00000, 0x0000000092c00000| Untracked 
| 301|0x0000000092d00000, 0x0000000092d00000, 0x0000000092e00000|  0%| F|  |TAMS 0x0000000092d00000, 0x0000000092d00000| Untracked 
| 302|0x0000000092e00000, 0x0000000092e00000, 0x0000000092f00000|  0%| F|  |TAMS 0x0000000092e00000, 0x0000000092e00000| Untracked 
| 303|0x0000000092f00000, 0x0000000092f00000, 0x0000000093000000|  0%| F|  |TAMS 0x0000000092f00000, 0x0000000092f00000| Untracked 
| 304|0x0000000093000000, 0x0000000093000000, 0x0000000093100000|  0%| F|  |TAMS 0x0000000093000000, 0x0000000093000000| Untracked 
| 305|0x0000000093100000, 0x0000000093100000, 0x0000000093200000|  0%| F|  |TAMS 0x0000000093100000, 0x0000000093100000| Untracked 
| 306|0x0000000093200000, 0x0000000093200000, 0x0000000093300000|  0%| F|  |TAMS 0x0000000093200000, 0x0000000093200000| Untracked 
| 307|0x0000000093300000, 0x0000000093300000, 0x0000000093400000|  0%| F|  |TAMS 0x0000000093300000, 0x0000000093300000| Untracked 
| 308|0x0000000093400000, 0x0000000093400000, 0x0000000093500000|  0%| F|  |TAMS 0x0000000093400000, 0x0000000093400000| Untracked 
| 309|0x0000000093500000, 0x0000000093500000, 0x0000000093600000|  0%| F|  |TAMS 0x0000000093500000, 0x0000000093500000| Untracked 
| 310|0x0000000093600000, 0x0000000093600000, 0x0000000093700000|  0%| F|  |TAMS 0x0000000093600000, 0x0000000093600000| Untracked 
| 311|0x0000000093700000, 0x0000000093700000, 0x0000000093800000|  0%| F|  |TAMS 0x0000000093700000, 0x0000000093700000| Untracked 
| 312|0x0000000093800000, 0x0000000093800000, 0x0000000093900000|  0%| F|  |TAMS 0x0000000093800000, 0x0000000093800000| Untracked 
| 313|0x0000000093900000, 0x0000000093900000, 0x0000000093a00000|  0%| F|  |TAMS 0x0000000093900000, 0x0000000093900000| Untracked 
| 314|0x0000000093a00000, 0x0000000093a00000, 0x0000000093b00000|  0%| F|  |TAMS 0x0000000093a00000, 0x0000000093a00000| Untracked 
| 315|0x0000000093b00000, 0x0000000093b00000, 0x0000000093c00000|  0%| F|  |TAMS 0x0000000093b00000, 0x0000000093b00000| Untracked 
| 316|0x0000000093c00000, 0x0000000093c00000, 0x0000000093d00000|  0%| F|  |TAMS 0x0000000093c00000, 0x0000000093c00000| Untracked 
| 317|0x0000000093d00000, 0x0000000093d00000, 0x0000000093e00000|  0%| F|  |TAMS 0x0000000093d00000, 0x0000000093d00000| Untracked 
| 318|0x0000000093e00000, 0x0000000093e00000, 0x0000000093f00000|  0%| F|  |TAMS 0x0000000093e00000, 0x0000000093e00000| Untracked 
| 319|0x0000000093f00000, 0x0000000093f00000, 0x0000000094000000|  0%| F|  |TAMS 0x0000000093f00000, 0x0000000093f00000| Untracked 
| 320|0x0000000094000000, 0x0000000094000000, 0x0000000094100000|  0%| F|  |TAMS 0x0000000094000000, 0x0000000094000000| Untracked 
| 321|0x0000000094100000, 0x0000000094100000, 0x0000000094200000|  0%| F|  |TAMS 0x0000000094100000, 0x0000000094100000| Untracked 
| 322|0x0000000094200000, 0x0000000094200000, 0x0000000094300000|  0%| F|  |TAMS 0x0000000094200000, 0x0000000094200000| Untracked 
| 323|0x0000000094300000, 0x0000000094300000, 0x0000000094400000|  0%| F|  |TAMS 0x0000000094300000, 0x0000000094300000| Untracked 
| 324|0x0000000094400000, 0x0000000094400000, 0x0000000094500000|  0%| F|  |TAMS 0x0000000094400000, 0x0000000094400000| Untracked 
| 325|0x0000000094500000, 0x0000000094500000, 0x0000000094600000|  0%| F|  |TAMS 0x0000000094500000, 0x0000000094500000| Untracked 
| 326|0x0000000094600000, 0x0000000094600000, 0x0000000094700000|  0%| F|  |TAMS 0x0000000094600000, 0x0000000094600000| Untracked 
| 327|0x0000000094700000, 0x0000000094700000, 0x0000000094800000|  0%| F|  |TAMS 0x0000000094700000, 0x0000000094700000| Untracked 
| 328|0x0000000094800000, 0x0000000094800000, 0x0000000094900000|  0%| F|  |TAMS 0x0000000094800000, 0x0000000094800000| Untracked 
| 329|0x0000000094900000, 0x0000000094900000, 0x0000000094a00000|  0%| F|  |TAMS 0x0000000094900000, 0x0000000094900000| Untracked 
| 330|0x0000000094a00000, 0x0000000094a00000, 0x0000000094b00000|  0%| F|  |TAMS 0x0000000094a00000, 0x0000000094a00000| Untracked 
| 331|0x0000000094b00000, 0x0000000094b00000, 0x0000000094c00000|  0%| F|  |TAMS 0x0000000094b00000, 0x0000000094b00000| Untracked 
| 332|0x0000000094c00000, 0x0000000094c00000, 0x0000000094d00000|  0%| F|  |TAMS 0x0000000094c00000, 0x0000000094c00000| Untracked 
| 333|0x0000000094d00000, 0x0000000094d00000, 0x0000000094e00000|  0%| F|  |TAMS 0x0000000094d00000, 0x0000000094d00000| Untracked 
| 334|0x0000000094e00000, 0x0000000094e00000, 0x0000000094f00000|  0%| F|  |TAMS 0x0000000094e00000, 0x0000000094e00000| Untracked 
| 335|0x0000000094f00000, 0x0000000094f00000, 0x0000000095000000|  0%| F|  |TAMS 0x0000000094f00000, 0x0000000094f00000| Untracked 
| 336|0x0000000095000000, 0x0000000095000000, 0x0000000095100000|  0%| F|  |TAMS 0x0000000095000000, 0x0000000095000000| Untracked 
| 337|0x0000000095100000, 0x0000000095100000, 0x0000000095200000|  0%| F|  |TAMS 0x0000000095100000, 0x0000000095100000| Untracked 
| 338|0x0000000095200000, 0x0000000095200000, 0x0000000095300000|  0%| F|  |TAMS 0x0000000095200000, 0x0000000095200000| Untracked 
| 339|0x0000000095300000, 0x0000000095300000, 0x0000000095400000|  0%| F|  |TAMS 0x0000000095300000, 0x0000000095300000| Untracked 
| 340|0x0000000095400000, 0x0000000095400000, 0x0000000095500000|  0%| F|  |TAMS 0x0000000095400000, 0x0000000095400000| Untracked 
| 341|0x0000000095500000, 0x0000000095500000, 0x0000000095600000|  0%| F|  |TAMS 0x0000000095500000, 0x0000000095500000| Untracked 
| 342|0x0000000095600000, 0x0000000095600000, 0x0000000095700000|  0%| F|  |TAMS 0x0000000095600000, 0x0000000095600000| Untracked 
| 343|0x0000000095700000, 0x0000000095700000, 0x0000000095800000|  0%| F|  |TAMS 0x0000000095700000, 0x0000000095700000| Untracked 
| 344|0x0000000095800000, 0x0000000095800000, 0x0000000095900000|  0%| F|  |TAMS 0x0000000095800000, 0x0000000095800000| Untracked 
| 345|0x0000000095900000, 0x0000000095900000, 0x0000000095a00000|  0%| F|  |TAMS 0x0000000095900000, 0x0000000095900000| Untracked 
| 346|0x0000000095a00000, 0x0000000095a00000, 0x0000000095b00000|  0%| F|  |TAMS 0x0000000095a00000, 0x0000000095a00000| Untracked 
| 347|0x0000000095b00000, 0x0000000095b00000, 0x0000000095c00000|  0%| F|  |TAMS 0x0000000095b00000, 0x0000000095b00000| Untracked 
| 348|0x0000000095c00000, 0x0000000095c00000, 0x0000000095d00000|  0%| F|  |TAMS 0x0000000095c00000, 0x0000000095c00000| Untracked 
| 349|0x0000000095d00000, 0x0000000095d00000, 0x0000000095e00000|  0%| F|  |TAMS 0x0000000095d00000, 0x0000000095d00000| Untracked 
| 350|0x0000000095e00000, 0x0000000095e00000, 0x0000000095f00000|  0%| F|  |TAMS 0x0000000095e00000, 0x0000000095e00000| Untracked 
| 351|0x0000000095f00000, 0x0000000095f00000, 0x0000000096000000|  0%| F|  |TAMS 0x0000000095f00000, 0x0000000095f00000| Untracked 
| 352|0x0000000096000000, 0x0000000096000000, 0x0000000096100000|  0%| F|  |TAMS 0x0000000096000000, 0x0000000096000000| Untracked 
| 353|0x0000000096100000, 0x0000000096100000, 0x0000000096200000|  0%| F|  |TAMS 0x0000000096100000, 0x0000000096100000| Untracked 
| 354|0x0000000096200000, 0x0000000096200000, 0x0000000096300000|  0%| F|  |TAMS 0x0000000096200000, 0x0000000096200000| Untracked 
| 355|0x0000000096300000, 0x0000000096300000, 0x0000000096400000|  0%| F|  |TAMS 0x0000000096300000, 0x0000000096300000| Untracked 
| 356|0x0000000096400000, 0x0000000096400000, 0x0000000096500000|  0%| F|  |TAMS 0x0000000096400000, 0x0000000096400000| Untracked 
| 357|0x0000000096500000, 0x0000000096500000, 0x0000000096600000|  0%| F|  |TAMS 0x0000000096500000, 0x0000000096500000| Untracked 
| 358|0x0000000096600000, 0x0000000096600000, 0x0000000096700000|  0%| F|  |TAMS 0x0000000096600000, 0x0000000096600000| Untracked 
| 359|0x0000000096700000, 0x0000000096700000, 0x0000000096800000|  0%| F|  |TAMS 0x0000000096700000, 0x0000000096700000| Untracked 
| 360|0x0000000096800000, 0x0000000096800000, 0x0000000096900000|  0%| F|  |TAMS 0x0000000096800000, 0x0000000096800000| Untracked 
| 361|0x0000000096900000, 0x0000000096900000, 0x0000000096a00000|  0%| F|  |TAMS 0x0000000096900000, 0x0000000096900000| Untracked 
| 362|0x0000000096a00000, 0x0000000096a00000, 0x0000000096b00000|  0%| F|  |TAMS 0x0000000096a00000, 0x0000000096a00000| Untracked 
| 363|0x0000000096b00000, 0x0000000096b00000, 0x0000000096c00000|  0%| F|  |TAMS 0x0000000096b00000, 0x0000000096b00000| Untracked 
| 364|0x0000000096c00000, 0x0000000096c00000, 0x0000000096d00000|  0%| F|  |TAMS 0x0000000096c00000, 0x0000000096c00000| Untracked 
| 365|0x0000000096d00000, 0x0000000096d00000, 0x0000000096e00000|  0%| F|  |TAMS 0x0000000096d00000, 0x0000000096d00000| Untracked 
| 366|0x0000000096e00000, 0x0000000096e00000, 0x0000000096f00000|  0%| F|  |TAMS 0x0000000096e00000, 0x0000000096e00000| Untracked 
| 367|0x0000000096f00000, 0x0000000096f00000, 0x0000000097000000|  0%| F|  |TAMS 0x0000000096f00000, 0x0000000096f00000| Untracked 
| 368|0x0000000097000000, 0x0000000097000000, 0x0000000097100000|  0%| F|  |TAMS 0x0000000097000000, 0x0000000097000000| Untracked 
| 369|0x0000000097100000, 0x0000000097100000, 0x0000000097200000|  0%| F|  |TAMS 0x0000000097100000, 0x0000000097100000| Untracked 
| 370|0x0000000097200000, 0x0000000097200000, 0x0000000097300000|  0%| F|  |TAMS 0x0000000097200000, 0x0000000097200000| Untracked 
| 371|0x0000000097300000, 0x0000000097300000, 0x0000000097400000|  0%| F|  |TAMS 0x0000000097300000, 0x0000000097300000| Untracked 
| 372|0x0000000097400000, 0x0000000097400000, 0x0000000097500000|  0%| F|  |TAMS 0x0000000097400000, 0x0000000097400000| Untracked 
| 373|0x0000000097500000, 0x0000000097500000, 0x0000000097600000|  0%| F|  |TAMS 0x0000000097500000, 0x0000000097500000| Untracked 
| 374|0x0000000097600000, 0x0000000097600000, 0x0000000097700000|  0%| F|  |TAMS 0x0000000097600000, 0x0000000097600000| Untracked 
| 375|0x0000000097700000, 0x0000000097700000, 0x0000000097800000|  0%| F|  |TAMS 0x0000000097700000, 0x0000000097700000| Untracked 
| 376|0x0000000097800000, 0x0000000097800000, 0x0000000097900000|  0%| F|  |TAMS 0x0000000097800000, 0x0000000097800000| Untracked 
| 377|0x0000000097900000, 0x0000000097900000, 0x0000000097a00000|  0%| F|  |TAMS 0x0000000097900000, 0x0000000097900000| Untracked 
| 378|0x0000000097a00000, 0x0000000097a00000, 0x0000000097b00000|  0%| F|  |TAMS 0x0000000097a00000, 0x0000000097a00000| Untracked 
| 379|0x0000000097b00000, 0x0000000097b00000, 0x0000000097c00000|  0%| F|  |TAMS 0x0000000097b00000, 0x0000000097b00000| Untracked 
| 380|0x0000000097c00000, 0x0000000097c00000, 0x0000000097d00000|  0%| F|  |TAMS 0x0000000097c00000, 0x0000000097c00000| Untracked 
| 381|0x0000000097d00000, 0x0000000097d00000, 0x0000000097e00000|  0%| F|  |TAMS 0x0000000097d00000, 0x0000000097d00000| Untracked 
| 382|0x0000000097e00000, 0x0000000097e00000, 0x0000000097f00000|  0%| F|  |TAMS 0x0000000097e00000, 0x0000000097e00000| Untracked 
| 383|0x0000000097f00000, 0x0000000097f00000, 0x0000000098000000|  0%| F|  |TAMS 0x0000000097f00000, 0x0000000097f00000| Untracked 
| 384|0x0000000098000000, 0x0000000098000000, 0x0000000098100000|  0%| F|  |TAMS 0x0000000098000000, 0x0000000098000000| Untracked 
| 385|0x0000000098100000, 0x0000000098100000, 0x0000000098200000|  0%| F|  |TAMS 0x0000000098100000, 0x0000000098100000| Untracked 
| 386|0x0000000098200000, 0x0000000098200000, 0x0000000098300000|  0%| F|  |TAMS 0x0000000098200000, 0x0000000098200000| Untracked 
| 387|0x0000000098300000, 0x0000000098300000, 0x0000000098400000|  0%| F|  |TAMS 0x0000000098300000, 0x0000000098300000| Untracked 
| 388|0x0000000098400000, 0x0000000098400000, 0x0000000098500000|  0%| F|  |TAMS 0x0000000098400000, 0x0000000098400000| Untracked 
| 389|0x0000000098500000, 0x0000000098500000, 0x0000000098600000|  0%| F|  |TAMS 0x0000000098500000, 0x0000000098500000| Untracked 
| 390|0x0000000098600000, 0x0000000098600000, 0x0000000098700000|  0%| F|  |TAMS 0x0000000098600000, 0x0000000098600000| Untracked 
| 391|0x0000000098700000, 0x0000000098700000, 0x0000000098800000|  0%| F|  |TAMS 0x0000000098700000, 0x0000000098700000| Untracked 
| 392|0x0000000098800000, 0x0000000098800000, 0x0000000098900000|  0%| F|  |TAMS 0x0000000098800000, 0x0000000098800000| Untracked 
| 393|0x0000000098900000, 0x0000000098900000, 0x0000000098a00000|  0%| F|  |TAMS 0x0000000098900000, 0x0000000098900000| Untracked 
| 394|0x0000000098a00000, 0x0000000098a00000, 0x0000000098b00000|  0%| F|  |TAMS 0x0000000098a00000, 0x0000000098a00000| Untracked 
| 395|0x0000000098b00000, 0x0000000098b00000, 0x0000000098c00000|  0%| F|  |TAMS 0x0000000098b00000, 0x0000000098b00000| Untracked 
| 396|0x0000000098c00000, 0x0000000098c00000, 0x0000000098d00000|  0%| F|  |TAMS 0x0000000098c00000, 0x0000000098c00000| Untracked 
| 397|0x0000000098d00000, 0x0000000098d00000, 0x0000000098e00000|  0%| F|  |TAMS 0x0000000098d00000, 0x0000000098d00000| Untracked 
| 398|0x0000000098e00000, 0x0000000098e00000, 0x0000000098f00000|  0%| F|  |TAMS 0x0000000098e00000, 0x0000000098e00000| Untracked 
| 399|0x0000000098f00000, 0x0000000098f00000, 0x0000000099000000|  0%| F|  |TAMS 0x0000000098f00000, 0x0000000098f00000| Untracked 
| 400|0x0000000099000000, 0x0000000099000000, 0x0000000099100000|  0%| F|  |TAMS 0x0000000099000000, 0x0000000099000000| Untracked 
| 401|0x0000000099100000, 0x0000000099100000, 0x0000000099200000|  0%| F|  |TAMS 0x0000000099100000, 0x0000000099100000| Untracked 
| 402|0x0000000099200000, 0x0000000099200000, 0x0000000099300000|  0%| F|  |TAMS 0x0000000099200000, 0x0000000099200000| Untracked 
| 403|0x0000000099300000, 0x0000000099300000, 0x0000000099400000|  0%| F|  |TAMS 0x0000000099300000, 0x0000000099300000| Untracked 
| 404|0x0000000099400000, 0x0000000099400000, 0x0000000099500000|  0%| F|  |TAMS 0x0000000099400000, 0x0000000099400000| Untracked 
| 405|0x0000000099500000, 0x0000000099500000, 0x0000000099600000|  0%| F|  |TAMS 0x0000000099500000, 0x0000000099500000| Untracked 
| 406|0x0000000099600000, 0x0000000099600000, 0x0000000099700000|  0%| F|  |TAMS 0x0000000099600000, 0x0000000099600000| Untracked 
| 407|0x0000000099700000, 0x0000000099700000, 0x0000000099800000|  0%| F|  |TAMS 0x0000000099700000, 0x0000000099700000| Untracked 
| 408|0x0000000099800000, 0x0000000099800000, 0x0000000099900000|  0%| F|  |TAMS 0x0000000099800000, 0x0000000099800000| Untracked 
| 409|0x0000000099900000, 0x0000000099900000, 0x0000000099a00000|  0%| F|  |TAMS 0x0000000099900000, 0x0000000099900000| Untracked 
| 410|0x0000000099a00000, 0x0000000099a00000, 0x0000000099b00000|  0%| F|  |TAMS 0x0000000099a00000, 0x0000000099a00000| Untracked 
| 411|0x0000000099b00000, 0x0000000099b00000, 0x0000000099c00000|  0%| F|  |TAMS 0x0000000099b00000, 0x0000000099b00000| Untracked 
| 412|0x0000000099c00000, 0x0000000099c00000, 0x0000000099d00000|  0%| F|  |TAMS 0x0000000099c00000, 0x0000000099c00000| Untracked 
| 413|0x0000000099d00000, 0x0000000099d00000, 0x0000000099e00000|  0%| F|  |TAMS 0x0000000099d00000, 0x0000000099d00000| Untracked 
| 414|0x0000000099e00000, 0x0000000099e00000, 0x0000000099f00000|  0%| F|  |TAMS 0x0000000099e00000, 0x0000000099e00000| Untracked 
| 415|0x0000000099f00000, 0x0000000099f00000, 0x000000009a000000|  0%| F|  |TAMS 0x0000000099f00000, 0x0000000099f00000| Untracked 
| 416|0x000000009a000000, 0x000000009a000000, 0x000000009a100000|  0%| F|  |TAMS 0x000000009a000000, 0x000000009a000000| Untracked 
| 417|0x000000009a100000, 0x000000009a100000, 0x000000009a200000|  0%| F|  |TAMS 0x000000009a100000, 0x000000009a100000| Untracked 
| 418|0x000000009a200000, 0x000000009a200000, 0x000000009a300000|  0%| F|  |TAMS 0x000000009a200000, 0x000000009a200000| Untracked 
| 419|0x000000009a300000, 0x000000009a300000, 0x000000009a400000|  0%| F|  |TAMS 0x000000009a300000, 0x000000009a300000| Untracked 
| 420|0x000000009a400000, 0x000000009a400000, 0x000000009a500000|  0%| F|  |TAMS 0x000000009a400000, 0x000000009a400000| Untracked 
| 421|0x000000009a500000, 0x000000009a500000, 0x000000009a600000|  0%| F|  |TAMS 0x000000009a500000, 0x000000009a500000| Untracked 
| 422|0x000000009a600000, 0x000000009a600000, 0x000000009a700000|  0%| F|  |TAMS 0x000000009a600000, 0x000000009a600000| Untracked 
| 423|0x000000009a700000, 0x000000009a700000, 0x000000009a800000|  0%| F|  |TAMS 0x000000009a700000, 0x000000009a700000| Untracked 
| 424|0x000000009a800000, 0x000000009a800000, 0x000000009a900000|  0%| F|  |TAMS 0x000000009a800000, 0x000000009a800000| Untracked 
| 425|0x000000009a900000, 0x000000009a900000, 0x000000009aa00000|  0%| F|  |TAMS 0x000000009a900000, 0x000000009a900000| Untracked 
| 426|0x000000009aa00000, 0x000000009aa00000, 0x000000009ab00000|  0%| F|  |TAMS 0x000000009aa00000, 0x000000009aa00000| Untracked 
| 427|0x000000009ab00000, 0x000000009ab00000, 0x000000009ac00000|  0%| F|  |TAMS 0x000000009ab00000, 0x000000009ab00000| Untracked 
| 428|0x000000009ac00000, 0x000000009ac00000, 0x000000009ad00000|  0%| F|  |TAMS 0x000000009ac00000, 0x000000009ac00000| Untracked 
| 429|0x000000009ad00000, 0x000000009ad00000, 0x000000009ae00000|  0%| F|  |TAMS 0x000000009ad00000, 0x000000009ad00000| Untracked 
| 430|0x000000009ae00000, 0x000000009ae00000, 0x000000009af00000|  0%| F|  |TAMS 0x000000009ae00000, 0x000000009ae00000| Untracked 
| 431|0x000000009af00000, 0x000000009af00000, 0x000000009b000000|  0%| F|  |TAMS 0x000000009af00000, 0x000000009af00000| Untracked 
| 432|0x000000009b000000, 0x000000009b000000, 0x000000009b100000|  0%| F|  |TAMS 0x000000009b000000, 0x000000009b000000| Untracked 
| 433|0x000000009b100000, 0x000000009b100000, 0x000000009b200000|  0%| F|  |TAMS 0x000000009b100000, 0x000000009b100000| Untracked 
| 434|0x000000009b200000, 0x000000009b200000, 0x000000009b300000|  0%| F|  |TAMS 0x000000009b200000, 0x000000009b200000| Untracked 
| 435|0x000000009b300000, 0x000000009b300000, 0x000000009b400000|  0%| F|  |TAMS 0x000000009b300000, 0x000000009b300000| Untracked 
| 436|0x000000009b400000, 0x000000009b400000, 0x000000009b500000|  0%| F|  |TAMS 0x000000009b400000, 0x000000009b400000| Untracked 
| 437|0x000000009b500000, 0x000000009b500000, 0x000000009b600000|  0%| F|  |TAMS 0x000000009b500000, 0x000000009b500000| Untracked 
| 438|0x000000009b600000, 0x000000009b600000, 0x000000009b700000|  0%| F|  |TAMS 0x000000009b600000, 0x000000009b600000| Untracked 
| 439|0x000000009b700000, 0x000000009b700000, 0x000000009b800000|  0%| F|  |TAMS 0x000000009b700000, 0x000000009b700000| Untracked 
| 440|0x000000009b800000, 0x000000009b800000, 0x000000009b900000|  0%| F|  |TAMS 0x000000009b800000, 0x000000009b800000| Untracked 
| 441|0x000000009b900000, 0x000000009b900000, 0x000000009ba00000|  0%| F|  |TAMS 0x000000009b900000, 0x000000009b900000| Untracked 
| 442|0x000000009ba00000, 0x000000009ba00000, 0x000000009bb00000|  0%| F|  |TAMS 0x000000009ba00000, 0x000000009ba00000| Untracked 
| 443|0x000000009bb00000, 0x000000009bb00000, 0x000000009bc00000|  0%| F|  |TAMS 0x000000009bb00000, 0x000000009bb00000| Untracked 
| 444|0x000000009bc00000, 0x000000009bc00000, 0x000000009bd00000|  0%| F|  |TAMS 0x000000009bc00000, 0x000000009bc00000| Untracked 
| 445|0x000000009bd00000, 0x000000009bd00000, 0x000000009be00000|  0%| F|  |TAMS 0x000000009bd00000, 0x000000009bd00000| Untracked 
| 446|0x000000009be00000, 0x000000009be00000, 0x000000009bf00000|  0%| F|  |TAMS 0x000000009be00000, 0x000000009be00000| Untracked 
| 447|0x000000009bf00000, 0x000000009bf00000, 0x000000009c000000|  0%| F|  |TAMS 0x000000009bf00000, 0x000000009bf00000| Untracked 
| 448|0x000000009c000000, 0x000000009c000000, 0x000000009c100000|  0%| F|  |TAMS 0x000000009c000000, 0x000000009c000000| Untracked 
| 449|0x000000009c100000, 0x000000009c100000, 0x000000009c200000|  0%| F|  |TAMS 0x000000009c100000, 0x000000009c100000| Untracked 
| 450|0x000000009c200000, 0x000000009c200000, 0x000000009c300000|  0%| F|  |TAMS 0x000000009c200000, 0x000000009c200000| Untracked 
| 451|0x000000009c300000, 0x000000009c300000, 0x000000009c400000|  0%| F|  |TAMS 0x000000009c300000, 0x000000009c300000| Untracked 
| 452|0x000000009c400000, 0x000000009c400000, 0x000000009c500000|  0%| F|  |TAMS 0x000000009c400000, 0x000000009c400000| Untracked 
| 453|0x000000009c500000, 0x000000009c580000, 0x000000009c600000| 50%| S|CS|TAMS 0x000000009c500000, 0x000000009c500000| Complete 
|1107|0x00000000c5300000, 0x00000000c5400000, 0x00000000c5400000|100%| S|CS|TAMS 0x00000000c5300000, 0x00000000c5300000| Complete 
|2046|0x00000000ffe00000, 0x00000000fff00000, 0x00000000fff00000|100%| S|CS|TAMS 0x00000000ffe00000, 0x00000000ffe00000| Complete 
|2047|0x00000000fff00000, 0x00000000fff00000, 0x0000000100000000|  0%| F|  |TAMS 0x00000000fff00000, 0x00000000fff00000| Untracked 

Card table byte_map: [0x0000027c18040000,0x0000027c18440000] _byte_map_base: 0x0000027c17c40000

Marking Bits (Prev, Next): (CMBitMap*) 0x0000027c0376adf0, (CMBitMap*) 0x0000027c0376ae30
 Prev Bits: [0x0000027c18840000, 0x0000027c1a840000)
 Next Bits: [0x0000027c1a840000, 0x0000027c1c840000)

Polling page: 0x0000027c037c0000

Metaspace:

Usage:
  Non-class:    130.77 MB used.
      Class:     20.12 MB used.
       Both:    150.90 MB used.

Virtual space:
  Non-class space:      192.00 MB reserved,     131.75 MB ( 69%) committed,  3 nodes.
      Class space:        1.00 GB reserved,      21.06 MB (  2%) committed,  1 nodes.
             Both:        1.19 GB reserved,     152.81 MB ( 13%) committed. 

Chunk freelists:
   Non-Class:  11.50 MB
       Class:  10.80 MB
        Both:  22.30 MB

MaxMetaspaceSize: unlimited
CompressedClassSpaceSize: 1.00 GB
Initial GC threshold: 21.00 MB
Current GC threshold: 253.44 MB
CDS: off
MetaspaceReclaimPolicy: balanced
 - commit_granule_bytes: 65536.
 - commit_granule_words: 8192.
 - virtual_space_node_default_size: 8388608.
 - enlarge_chunks_in_place: 1.
 - new_chunks_are_fully_committed: 0.
 - uncommit_free_chunks: 1.
 - use_allocation_guard: 0.
 - handle_deallocations: 1.


Internal statistics:

num_allocs_failed_limit: 6.
num_arena_births: 4188.
num_arena_deaths: 414.
num_vsnodes_births: 4.
num_vsnodes_deaths: 0.
num_space_committed: 2443.
num_space_uncommitted: 0.
num_chunks_returned_to_freelist: 561.
num_chunks_taken_from_freelist: 11137.
num_chunk_merges: 199.
num_chunk_splits: 6586.
num_chunks_enlarged: 3461.
num_inconsistent_stats: 0.

CodeHeap 'non-profiled nmethods': size=120000Kb used=24045Kb max_used=24045Kb free=95954Kb
 bounds [0x0000027c0fed0000, 0x0000027c11650000, 0x0000027c17400000]
CodeHeap 'profiled nmethods': size=120000Kb used=52600Kb max_used=52600Kb free=67400Kb
 bounds [0x0000027c08400000, 0x0000027c0b770000, 0x0000027c0f930000]
CodeHeap 'non-nmethods': size=5760Kb used=2497Kb max_used=2590Kb free=3262Kb
 bounds [0x0000027c0f930000, 0x0000027c0fbd0000, 0x0000027c0fed0000]
 total_blobs=27303 nmethods=26260 adapters=953
 compilation: enabled
              stopped_count=0, restarted_count=0
 full_count=0

Compilation events (20 events):
Event: 6487.034 Thread 0x0000027c1f355d50 nmethod 33511 0x0000027c0b75f610 code [0x0000027c0b75f7a0, 0x0000027c0b75f8b8]
Event: 6487.034 Thread 0x0000027c1f355d50 33512       2       com.android.tools.r8.internal.Rf0::<init> (6 bytes)
Event: 6487.034 Thread 0x0000027c1f355d50 nmethod 33512 0x0000027c0b75f990 code [0x0000027c0b75fb20, 0x0000027c0b75fc48]
Event: 6487.034 Thread 0x0000027c1f355d50 33513       2       com.android.tools.r8.internal.Hw::<init> (14 bytes)
Event: 6487.034 Thread 0x0000027c1f355d50 nmethod 33513 0x0000027c0b75fd10 code [0x0000027c0b75fec0, 0x0000027c0b760068]
Event: 6487.034 Thread 0x0000027c1f355d50 33501       2       com.android.tools.r8.internal.HB$$Lambda$3935/0x000000010152ad88::accept (25 bytes)
Event: 6487.034 Thread 0x0000027c1f355d50 nmethod 33501 0x0000027c0b760190 code [0x0000027c0b760340, 0x0000027c0b7604c8]
Event: 6487.034 Thread 0x0000027c1f355d50 33524       2       com.android.tools.r8.ir.optimize.k0::a (493 bytes)
Event: 6487.035 Thread 0x0000027c1f355d50 nmethod 33524 0x0000027c0b760590 code [0x0000027c0b760800, 0x0000027c0b761028]
Event: 6487.035 Thread 0x0000027c1f355d50 33502       2       com.android.tools.r8.internal.HB::a (52 bytes)
Event: 6487.035 Thread 0x0000027c1f355d50 nmethod 33502 0x0000027c0b761710 code [0x0000027c0b7618e0, 0x0000027c0b761b58]
Event: 6487.035 Thread 0x0000027c1f355d50 33503       2       com.android.tools.r8.internal.A1::a (3 bytes)
Event: 6487.035 Thread 0x0000027c1f355d50 nmethod 33503 0x0000027c0b761d10 code [0x0000027c0b761ea0, 0x0000027c0b761fb8]
Event: 6487.035 Thread 0x0000027c1f355d50 33525       2       com.android.tools.r8.internal.Zg$$Lambda$3891/0x0000000101519958::apply (10 bytes)
Event: 6487.035 Thread 0x0000027c1f355d50 nmethod 33525 0x0000027c0b762090 code [0x0000027c0b762240, 0x0000027c0b7623a8]
Event: 6487.035 Thread 0x0000027c1f355d50 33526       2       com.android.tools.r8.internal.Zg::d (11 bytes)
Event: 6487.036 Thread 0x0000027c1f355d50 nmethod 33526 0x0000027c0b762490 code [0x0000027c0b762620, 0x0000027c0b762768]
Event: 6487.036 Thread 0x0000027c1f355d50 33531       3       com.android.tools.r8.internal.vl::a (3605 bytes)
Event: 6487.037 Thread 0x0000027c2f0add90 nmethod 33276% 0x0000027c1076b510 code [0x0000027c1076b800, 0x0000027c1076dda0]
Event: 6487.038 Thread 0x0000027c2f0add90 33323       4       com.android.tools.r8.internal.rv::a (277 bytes)

GC Heap History (20 events):
Event: 4647.450 GC heap after
{Heap after GC invocations=109 (full 0):
 garbage-first heap   total 512000K, used 166191K [0x0000000080000000, 0x0000000100000000)
  region size 1024K, 34 young (34816K), 34 survivors (34816K)
 Metaspace       used 145097K, committed 146944K, reserved 1179648K
  class space    used 19542K, committed 20416K, reserved 1048576K
}
Event: 4647.478 GC heap before
{Heap before GC invocations=109 (full 0):
 garbage-first heap   total 512000K, used 174383K [0x0000000080000000, 0x0000000100000000)
  region size 1024K, 35 young (35840K), 34 survivors (34816K)
 Metaspace       used 145124K, committed 146944K, reserved 1179648K
  class space    used 19542K, committed 20416K, reserved 1048576K
}
Event: 4647.487 GC heap after
{Heap after GC invocations=110 (full 0):
 garbage-first heap   total 512000K, used 121522K [0x0000000080000000, 0x0000000100000000)
  region size 1024K, 3 young (3072K), 3 survivors (3072K)
 Metaspace       used 145124K, committed 146944K, reserved 1179648K
  class space    used 19542K, committed 20416K, reserved 1048576K
}
Event: 4648.811 GC heap before
{Heap before GC invocations=110 (full 0):
 garbage-first heap   total 512000K, used 177842K [0x0000000080000000, 0x0000000100000000)
  region size 1024K, 60 young (61440K), 3 survivors (3072K)
 Metaspace       used 145151K, committed 147008K, reserved 1179648K
  class space    used 19542K, committed 20416K, reserved 1048576K
}
Event: 4648.815 GC heap after
{Heap after GC invocations=111 (full 0):
 garbage-first heap   total 512000K, used 123570K [0x0000000080000000, 0x0000000100000000)
  region size 1024K, 5 young (5120K), 5 survivors (5120K)
 Metaspace       used 145151K, committed 147008K, reserved 1179648K
  class space    used 19542K, committed 20416K, reserved 1048576K
}
Event: 6480.620 GC heap before
{Heap before GC invocations=112 (full 0):
 garbage-first heap   total 467968K, used 418482K [0x0000000080000000, 0x0000000100000000)
  region size 1024K, 272 young (278528K), 5 survivors (5120K)
 Metaspace       used 149149K, committed 151040K, reserved 1179648K
  class space    used 20006K, committed 20928K, reserved 1048576K
}
Event: 6480.694 GC heap after
{Heap after GC invocations=113 (full 0):
 garbage-first heap   total 467968K, used 156940K [0x0000000080000000, 0x0000000100000000)
  region size 1024K, 34 young (34816K), 34 survivors (34816K)
 Metaspace       used 149149K, committed 151040K, reserved 1179648K
  class space    used 20006K, committed 20928K, reserved 1048576K
}
Event: 6480.707 GC heap before
{Heap before GC invocations=113 (full 0):
 garbage-first heap   total 467968K, used 157964K [0x0000000080000000, 0x0000000100000000)
  region size 1024K, 35 young (35840K), 34 survivors (34816K)
 Metaspace       used 149164K, committed 151040K, reserved 1179648K
  class space    used 20006K, committed 20928K, reserved 1048576K
}
Event: 6480.773 GC heap after
{Heap after GC invocations=114 (full 0):
 garbage-first heap   total 467968K, used 151521K [0x0000000080000000, 0x0000000100000000)
  region size 1024K, 3 young (3072K), 3 survivors (3072K)
 Metaspace       used 149164K, committed 151040K, reserved 1179648K
  class space    used 20006K, committed 20928K, reserved 1048576K
}
Event: 6480.791 GC heap before
{Heap before GC invocations=114 (full 0):
 garbage-first heap   total 467968K, used 152545K [0x0000000080000000, 0x0000000100000000)
  region size 1024K, 5 young (5120K), 3 survivors (3072K)
 Metaspace       used 149164K, committed 151040K, reserved 1179648K
  class space    used 20006K, committed 20928K, reserved 1048576K
}
Event: 6480.795 GC heap after
{Heap after GC invocations=115 (full 0):
 garbage-first heap   total 467968K, used 149944K [0x0000000080000000, 0x0000000100000000)
  region size 1024K, 2 young (2048K), 2 survivors (2048K)
 Metaspace       used 149164K, committed 151040K, reserved 1179648K
  class space    used 20006K, committed 20928K, reserved 1048576K
}
Event: 6483.730 GC heap before
{Heap before GC invocations=116 (full 0):
 garbage-first heap   total 467968K, used 362936K [0x0000000080000000, 0x0000000100000000)
  region size 1024K, 186 young (190464K), 2 survivors (2048K)
 Metaspace       used 151942K, committed 153856K, reserved 1245184K
  class space    used 20255K, committed 21184K, reserved 1048576K
}
Event: 6483.737 GC heap after
{Heap after GC invocations=117 (full 0):
 garbage-first heap   total 467968K, used 159783K [0x0000000080000000, 0x0000000100000000)
  region size 1024K, 12 young (12288K), 12 survivors (12288K)
 Metaspace       used 151942K, committed 153856K, reserved 1245184K
  class space    used 20255K, committed 21184K, reserved 1048576K
}
Event: 6483.961 GC heap before
{Heap before GC invocations=117 (full 0):
 garbage-first heap   total 467968K, used 170023K [0x0000000080000000, 0x0000000100000000)
  region size 1024K, 22 young (22528K), 12 survivors (12288K)
 Metaspace       used 152033K, committed 153920K, reserved 1245184K
  class space    used 20264K, committed 21184K, reserved 1048576K
}
Event: 6483.982 GC heap after
{Heap after GC invocations=118 (full 0):
 garbage-first heap   total 467968K, used 151824K [0x0000000080000000, 0x0000000100000000)
  region size 1024K, 2 young (2048K), 2 survivors (2048K)
 Metaspace       used 152033K, committed 153920K, reserved 1245184K
  class space    used 20264K, committed 21184K, reserved 1048576K
}
Event: 6486.429 GC heap before
{Heap before GC invocations=118 (full 0):
 garbage-first heap   total 467968K, used 346384K [0x0000000080000000, 0x0000000100000000)
  region size 1024K, 193 young (197632K), 2 survivors (2048K)
 Metaspace       used 153767K, committed 155712K, reserved 1245184K
  class space    used 20508K, committed 21440K, reserved 1048576K
}
Event: 6486.447 GC heap after
{Heap after GC invocations=119 (full 0):
 garbage-first heap   total 467968K, used 181248K [0x0000000080000000, 0x0000000100000000)
  region size 1024K, 25 young (25600K), 25 survivors (25600K)
 Metaspace       used 153767K, committed 155712K, reserved 1245184K
  class space    used 20508K, committed 21440K, reserved 1048576K
}
Event: 6487.048 GC heap before
{Heap before GC invocations=120 (full 0):
 garbage-first heap   total 467968K, used 344064K [0x0000000080000000, 0x0000000100000000)
  region size 1024K, 190 young (194560K), 25 survivors (25600K)
 Metaspace       used 154516K, committed 156480K, reserved 1245184K
  class space    used 20606K, committed 21568K, reserved 1048576K
}
Event: 6487.072 GC heap after
{Heap after GC invocations=121 (full 0):
 garbage-first heap   total 467968K, used 195627K [0x0000000080000000, 0x0000000100000000)
  region size 1024K, 21 young (21504K), 21 survivors (21504K)
 Metaspace       used 154516K, committed 156480K, reserved 1245184K
  class space    used 20606K, committed 21568K, reserved 1048576K
}
Event: 6487.079 GC heap before
{Heap before GC invocations=121 (full 0):
 garbage-first heap   total 467968K, used 196651K [0x0000000080000000, 0x0000000100000000)
  region size 1024K, 22 young (22528K), 21 survivors (21504K)
 Metaspace       used 154517K, committed 156480K, reserved 1245184K
  class space    used 20606K, committed 21568K, reserved 1048576K
}

Dll operation events (3 events):
Event: 0.006 Loaded shared library D:\AS\jbr\bin\java.dll
Event: 0.121 Loaded shared library D:\AS\jbr\bin\zip.dll
Event: 0.325 Loaded shared library D:\AS\jbr\bin\verify.dll

Deoptimization events (20 events):
Event: 6486.928 Thread 0x0000027c3071d930 Uncommon trap: trap_request=0xffffff45 fr.pc=0x0000027c100ac878 relative=0x0000000000000258
Event: 6486.928 Thread 0x0000027c3071d930 Uncommon trap: reason=unstable_if action=reinterpret pc=0x0000027c100ac878 method=java.util.HashMap.getNode(Ljava/lang/Object;)Ljava/util/HashMap$Node; @ 85 c2
Event: 6486.928 Thread 0x0000027c3071d930 DEOPT PACKING pc=0x0000027c100ac878 sp=0x000000f7bfdf9ca0
Event: 6486.928 Thread 0x0000027c3071d930 DEOPT UNPACKING pc=0x0000027c0f9869a3 sp=0x000000f7bfdf9ba8 mode 2
Event: 6486.938 Thread 0x0000027c3071d930 DEOPT PACKING pc=0x0000027c0b6ccfa5 sp=0x000000f7bfdf9a20
Event: 6486.938 Thread 0x0000027c3071d930 DEOPT UNPACKING pc=0x0000027c0f987143 sp=0x000000f7bfdf8ec8 mode 0
Event: 6486.950 Thread 0x0000027c3071d930 Uncommon trap: trap_request=0xffffff45 fr.pc=0x0000027c10412e24 relative=0x00000000000001c4
Event: 6486.950 Thread 0x0000027c3071d930 Uncommon trap: reason=unstable_if action=reinterpret pc=0x0000027c10412e24 method=com.android.tools.r8.internal.C7.a(Lcom/android/tools/r8/graph/A5;Lcom/android/tools/r8/internal/z9;)Lcom/android/tools/r8/internal/xk; @ 94 c2
Event: 6486.950 Thread 0x0000027c3071d930 DEOPT PACKING pc=0x0000027c10412e24 sp=0x000000f7bfdfa470
Event: 6486.950 Thread 0x0000027c3071d930 DEOPT UNPACKING pc=0x0000027c0f9869a3 sp=0x000000f7bfdfa408 mode 2
Event: 6486.951 Thread 0x0000027c287600e0 DEOPT PACKING pc=0x0000027c0a17e316 sp=0x000000f7bcef73d0
Event: 6486.951 Thread 0x0000027c287600e0 DEOPT UNPACKING pc=0x0000027c0f987143 sp=0x000000f7bcef6cd8 mode 0
Event: 6486.972 Thread 0x0000027c3071bad0 Uncommon trap: trap_request=0xffffff45 fr.pc=0x0000027c103203bc relative=0x000000000000017c
Event: 6486.972 Thread 0x0000027c3071bad0 Uncommon trap: reason=unstable_if action=reinterpret pc=0x0000027c103203bc method=com.android.tools.r8.internal.sl0.a(Lcom/android/tools/r8/internal/Hl0;)Lcom/android/tools/r8/internal/tj0; @ 26 c2
Event: 6486.972 Thread 0x0000027c3071bad0 DEOPT PACKING pc=0x0000027c103203bc sp=0x000000f7bfaf9550
Event: 6486.972 Thread 0x0000027c3071bad0 DEOPT UNPACKING pc=0x0000027c0f9869a3 sp=0x000000f7bfaf94e0 mode 2
Event: 6487.036 Thread 0x0000027c3071de40 DEOPT PACKING pc=0x0000027c0ab9b7a3 sp=0x000000f7bfef99b0
Event: 6487.037 Thread 0x0000027c3071de40 DEOPT UNPACKING pc=0x0000027c0f987143 sp=0x000000f7bfef92a8 mode 0
Event: 6487.073 Thread 0x0000027c3071de40 DEOPT PACKING pc=0x0000027c0a2bc0c7 sp=0x000000f7bfef9a10
Event: 6487.073 Thread 0x0000027c3071de40 DEOPT UNPACKING pc=0x0000027c0f987143 sp=0x000000f7bfef9020 mode 0

Classes unloaded (20 events):
Event: 6480.951 Thread 0x0000027c1f2e0670 Unloading class 0x00000001012a0000 'jdk/internal/reflect/GeneratedMethodAccessor164'
Event: 6480.951 Thread 0x0000027c1f2e0670 Unloading class 0x000000010129dc00 'jdk/internal/reflect/GeneratedMethodAccessor163'
Event: 6480.951 Thread 0x0000027c1f2e0670 Unloading class 0x000000010129d800 'jdk/internal/reflect/GeneratedMethodAccessor162'
Event: 6480.951 Thread 0x0000027c1f2e0670 Unloading class 0x0000000100fe4c00 'jdk/internal/reflect/GeneratedSerializationConstructorAccessor163'
Event: 6480.951 Thread 0x0000027c1f2e0670 Unloading class 0x00000001010d8000 'jdk/internal/reflect/GeneratedSerializationConstructorAccessor162'
Event: 6480.951 Thread 0x0000027c1f2e0670 Unloading class 0x00000001010d8800 'jdk/internal/reflect/GeneratedSerializationConstructorAccessor161'
Event: 6480.951 Thread 0x0000027c1f2e0670 Unloading class 0x000000010129cc00 'jdk/internal/reflect/GeneratedSerializationConstructorAccessor160'
Event: 6480.951 Thread 0x0000027c1f2e0670 Unloading class 0x000000010129c800 'jdk/internal/reflect/GeneratedSerializationConstructorAccessor159'
Event: 6480.951 Thread 0x0000027c1f2e0670 Unloading class 0x000000010129c400 'jdk/internal/reflect/GeneratedSerializationConstructorAccessor158'
Event: 6480.951 Thread 0x0000027c1f2e0670 Unloading class 0x000000010129c000 'jdk/internal/reflect/GeneratedSerializationConstructorAccessor157'
Event: 6480.951 Thread 0x0000027c1f2e0670 Unloading class 0x0000000100fe4800 'jdk/internal/reflect/GeneratedSerializationConstructorAccessor152'
Event: 6480.951 Thread 0x0000027c1f2e0670 Unloading class 0x0000000100fe4000 'jdk/internal/reflect/GeneratedSerializationConstructorAccessor150'
Event: 6480.951 Thread 0x0000027c1f2e0670 Unloading class 0x0000000100fde400 'jdk/internal/reflect/GeneratedSerializationConstructorAccessor149'
Event: 6480.951 Thread 0x0000027c1f2e0670 Unloading class 0x0000000100fdd400 'jdk/internal/reflect/GeneratedSerializationConstructorAccessor148'
Event: 6480.951 Thread 0x0000027c1f2e0670 Unloading class 0x0000000100fdd000 'jdk/internal/reflect/GeneratedSerializationConstructorAccessor147'
Event: 6480.951 Thread 0x0000027c1f2e0670 Unloading class 0x0000000100fdcc00 'jdk/internal/reflect/GeneratedSerializationConstructorAccessor146'
Event: 6480.951 Thread 0x0000027c1f2e0670 Unloading class 0x0000000100fdc800 'jdk/internal/reflect/GeneratedSerializationConstructorAccessor145'
Event: 6480.951 Thread 0x0000027c1f2e0670 Unloading class 0x0000000100fdc400 'jdk/internal/reflect/GeneratedSerializationConstructorAccessor144'
Event: 6480.951 Thread 0x0000027c1f2e0670 Unloading class 0x0000000100fdc000 'jdk/internal/reflect/GeneratedSerializationConstructorAccessor143'
Event: 6480.951 Thread 0x0000027c1f2e0670 Unloading class 0x0000000100fcc000 'jdk/internal/reflect/GeneratedSerializationConstructorAccessor142'

Classes redefined (0 events):
No events

Internal exceptions (20 events):
Event: 6485.527 Thread 0x0000027c28761010 Exception <a 'sun/nio/fs/WindowsException'{0x000000009917e3b0}> (0x000000009917e3b0) 
thrown [s\src\hotspot\share\prims\jni.cpp, line 531]
Event: 6486.084 Thread 0x0000027c28761010 Exception <a 'sun/nio/fs/WindowsException'{0x00000000981b1618}> (0x00000000981b1618) 
thrown [s\src\hotspot\share\prims\jni.cpp, line 531]
Event: 6486.084 Thread 0x0000027c28761010 Exception <a 'sun/nio/fs/WindowsException'{0x00000000981b24c8}> (0x00000000981b24c8) 
thrown [s\src\hotspot\share\prims\jni.cpp, line 531]
Event: 6486.085 Thread 0x0000027c28761010 Exception <a 'sun/nio/fs/WindowsException'{0x00000000981b2558}> (0x00000000981b2558) 
thrown [s\src\hotspot\share\prims\jni.cpp, line 531]
Event: 6486.085 Thread 0x0000027c28761010 Exception <a 'sun/nio/fs/WindowsException'{0x00000000981b2978}> (0x00000000981b2978) 
thrown [s\src\hotspot\share\prims\jni.cpp, line 531]
Event: 6486.097 Thread 0x0000027c287600e0 Exception <a 'sun/nio/fs/WindowsException'{0x000000009bbf7d00}> (0x000000009bbf7d00) 
thrown [s\src\hotspot\share\prims\jni.cpp, line 531]
Event: 6486.101 Thread 0x0000027c282f3a80 Exception <a 'sun/nio/fs/WindowsException'{0x00000000980823c8}> (0x00000000980823c8) 
thrown [s\src\hotspot\share\prims\jni.cpp, line 531]
Event: 6486.166 Thread 0x0000027c3071c4f0 Exception <a 'sun/nio/fs/WindowsException'{0x00000000970e3178}> (0x00000000970e3178) 
thrown [s\src\hotspot\share\prims\jni.cpp, line 531]
Event: 6486.168 Thread 0x0000027c3071d930 Exception <a 'sun/nio/fs/WindowsException'{0x00000000970923a0}> (0x00000000970923a0) 
thrown [s\src\hotspot\share\prims\jni.cpp, line 531]
Event: 6486.171 Thread 0x0000027c3071de40 Exception <a 'sun/nio/fs/WindowsException'{0x000000009694ff58}> (0x000000009694ff58) 
thrown [s\src\hotspot\share\prims\jni.cpp, line 531]
Event: 6486.174 Thread 0x0000027c3071c4f0 Exception <a 'java/lang/NoSuchMethodError'{0x0000000096976140}: 'void java.lang.invoke.DirectMethodHandle$Holder.invokeStatic(java.lang.Object, java.lang.Object, java.lang.Object, int, java.lang.Object, java.lang.Object, java.lang.Object, java.lang.Object)'> (0x0000000096976140) 
thrown [s\src\hotspot\share\interpreter\linkResolver.cpp, line 771]
Event: 6486.191 Thread 0x0000027c3071bad0 Exception <a 'sun/nio/fs/WindowsException'{0x00000000966a1e98}> (0x00000000966a1e98) 
thrown [s\src\hotspot\share\prims\jni.cpp, line 531]
Event: 6486.274 Thread 0x0000027c287600e0 Exception <a 'sun/nio/fs/WindowsException'{0x00000000944cf590}> (0x00000000944cf590) 
thrown [s\src\hotspot\share\prims\jni.cpp, line 531]
Event: 6486.347 Thread 0x0000027c3071c4f0 Exception <a 'java/lang/IncompatibleClassChangeError'{0x0000000092a91e48}: Found class java.lang.Object, but interface was expected> (0x0000000092a91e48) 
thrown [s\src\hotspot\share\interpreter\linkResolver.cpp, line 838]
Event: 6486.348 Thread 0x0000027c3071c4f0 Exception <a 'java/lang/NoSuchMethodError'{0x00000000927ca390}: 'java.lang.Object java.lang.invoke.DirectMethodHandle$Holder.invokeSpecial(java.lang.Object, java.lang.Object, int, java.lang.Object, java.lang.Object, java.lang.Object)'> (0x00000000927ca390) 
thrown [s\src\hotspot\share\interpreter\linkResolver.cpp, line 771]
Event: 6486.577 Thread 0x0000027c3071bad0 Exception <a 'java/lang/NoSuchMethodError'{0x00000000998f2690}: 'void java.lang.invoke.DirectMethodHandle$Holder.invokeStatic(java.lang.Object, java.lang.Object, java.lang.Object, java.lang.Object, java.lang.Object, java.lang.Object, java.lang.Object, java.lang.Object, java.lang.Object, java.lang.Object)'> (0x00000000998f2690) 
thrown [s\src\hotspot\share\interpreter\linkResolver.cpp, line 771]
Event: 6486.635 Thread 0x0000027c3071c4f0 Exception <a 'java/lang/IncompatibleClassChangeError'{0x0000000098cb36e8}: Found class java.lang.Object, but interface was expected> (0x0000000098cb36e8) 
thrown [s\src\hotspot\share\interpreter\linkResolver.cpp, line 838]
Event: 6486.638 Thread 0x0000027c3071c4f0 Implicit null exception at 0x0000027c11307108 to 0x0000027c113074fc
Event: 6486.717 Thread 0x0000027c3071bad0 Exception <a 'java/lang/NoSuchMethodError'{0x0000000096e54740}: 'int java.lang.invoke.DirectMethodHandle$Holder.invokeStatic(java.lang.Object, java.lang.Object, int, java.lang.Object)'> (0x0000000096e54740) 
thrown [s\src\hotspot\share\interpreter\linkResolver.cpp, line 771]
Event: 6486.718 Thread 0x0000027c3071d930 Exception <a 'java/lang/NoSuchMethodError'{0x0000000096f6bfe8}: 'java.lang.Object java.lang.invoke.DirectMethodHandle$Holder.invokeInterface(java.lang.Object, java.lang.Object, int)'> (0x0000000096f6bfe8) 
thrown [s\src\hotspot\share\interpreter\linkResolver.cpp, line 771]

VM Operations (20 events):
Event: 6486.649 Executing VM operation: HandshakeAllThreads done
Event: 6486.654 Executing VM operation: HandshakeAllThreads
Event: 6486.654 Executing VM operation: HandshakeAllThreads done
Event: 6486.684 Executing VM operation: HandshakeAllThreads
Event: 6486.685 Executing VM operation: HandshakeAllThreads done
Event: 6486.698 Executing VM operation: ICBufferFull
Event: 6486.701 Executing VM operation: ICBufferFull done
Event: 6486.764 Executing VM operation: HandshakeAllThreads
Event: 6486.764 Executing VM operation: HandshakeAllThreads done
Event: 6486.782 Executing VM operation: HandshakeAllThreads
Event: 6486.785 Executing VM operation: HandshakeAllThreads done
Event: 6486.785 Executing VM operation: HandshakeAllThreads
Event: 6486.854 Executing VM operation: HandshakeAllThreads done
Event: 6486.855 Executing VM operation: ICBufferFull
Event: 6486.922 Executing VM operation: ICBufferFull done
Event: 6486.978 Executing VM operation: ICBufferFull
Event: 6486.989 Executing VM operation: ICBufferFull done
Event: 6487.046 Executing VM operation: G1CollectForAllocation
Event: 6487.079 Executing VM operation: G1CollectForAllocation done
Event: 6487.079 Executing VM operation: G1CollectForAllocation

Events (20 events):
Event: 6486.919 Thread 0x0000027c1f356660 flushing nmethod 0x0000027c0b537c90
Event: 6486.919 Thread 0x0000027c1f356660 flushing nmethod 0x0000027c0b53f090
Event: 6486.919 Thread 0x0000027c1f356660 flushing nmethod 0x0000027c0b56ca10
Event: 6486.919 Thread 0x0000027c1f356660 flushing nmethod 0x0000027c0b571610
Event: 6486.919 Thread 0x0000027c1f356660 flushing nmethod 0x0000027c0b572190
Event: 6486.919 Thread 0x0000027c1f356660 flushing nmethod 0x0000027c0b572f90
Event: 6486.919 Thread 0x0000027c1f356660 flushing nmethod 0x0000027c0b577690
Event: 6486.919 Thread 0x0000027c1f356660 flushing nmethod 0x0000027c0b59bc90
Event: 6486.919 Thread 0x0000027c1f356660 flushing nmethod 0x0000027c0b59c690
Event: 6486.919 Thread 0x0000027c1f356660 flushing nmethod 0x0000027c0b59e290
Event: 6486.919 Thread 0x0000027c1f356660 flushing nmethod 0x0000027c0b59e710
Event: 6486.919 Thread 0x0000027c1f356660 flushing nmethod 0x0000027c0b5a8f90
Event: 6486.919 Thread 0x0000027c1f356660 flushing nmethod 0x0000027c0b5b6190
Event: 6486.919 Thread 0x0000027c1f356660 flushing nmethod 0x0000027c0b5b7c10
Event: 6486.919 Thread 0x0000027c1f356660 flushing nmethod 0x0000027c0b5c2490
Event: 6486.919 Thread 0x0000027c1f356660 flushing nmethod 0x0000027c0b5c3710
Event: 6486.919 Thread 0x0000027c1f356660 flushing nmethod 0x0000027c0b5c6d90
Event: 6486.919 Thread 0x0000027c1f356660 flushing nmethod 0x0000027c0b5ce290
Event: 6486.919 Thread 0x0000027c1f356660 flushing nmethod 0x0000027c0b5d1790
Event: 6486.919 Thread 0x0000027c1f356660 flushing nmethod 0x0000027c0b5d3e90


Dynamic libraries:
0x00007ff7dc8f0000 - 0x00007ff7dc8fa000 	D:\AS\jbr\bin\java.exe
0x00007fff0fff0000 - 0x00007fff101e8000 	C:\Windows\SYSTEM32\ntdll.dll
0x00007fff0e940000 - 0x00007fff0ea02000 	C:\Windows\System32\KERNEL32.DLL
0x00007fff0db60000 - 0x00007fff0de56000 	C:\Windows\System32\KERNELBASE.dll
0x00007fff0d800000 - 0x00007fff0d900000 	C:\Windows\System32\ucrtbase.dll
0x00007ffec32a0000 - 0x00007ffec32b7000 	D:\AS\jbr\bin\jli.dll
0x00007ffefc3f0000 - 0x00007ffefc40b000 	D:\AS\jbr\bin\VCRUNTIME140.dll
0x00007fff0f1a0000 - 0x00007fff0f341000 	C:\Windows\System32\USER32.dll
0x00007fff0d720000 - 0x00007fff0d742000 	C:\Windows\System32\win32u.dll
0x00007fff0fc20000 - 0x00007fff0fc4b000 	C:\Windows\System32\GDI32.dll
0x00007ffef9460000 - 0x00007ffef96fb000 	C:\Windows\WinSxS\amd64_microsoft.windows.common-controls_6595b64144ccf1df_6.0.19041.6456_none_60b8a6cb71f64256\COMCTL32.dll
0x00007fff0def0000 - 0x00007fff0e009000 	C:\Windows\System32\gdi32full.dll
0x00007fff0fb80000 - 0x00007fff0fc1e000 	C:\Windows\System32\msvcrt.dll
0x00007fff0d680000 - 0x00007fff0d71d000 	C:\Windows\System32\msvcp_win.dll
0x00007fff0e840000 - 0x00007fff0e86f000 	C:\Windows\System32\IMM32.DLL
0x00007ffefc4b0000 - 0x00007ffefc4bc000 	D:\AS\jbr\bin\vcruntime140_1.dll
0x00007ffec3310000 - 0x00007ffec339d000 	D:\AS\jbr\bin\msvcp140.dll
0x00007ffe3afc0000 - 0x00007ffe3bc43000 	D:\AS\jbr\bin\server\jvm.dll
0x00007fff0e780000 - 0x00007fff0e831000 	C:\Windows\System32\ADVAPI32.dll
0x00007fff0fae0000 - 0x00007fff0fb7f000 	C:\Windows\System32\sechost.dll
0x00007fff0eac0000 - 0x00007fff0ebe0000 	C:\Windows\System32\RPCRT4.dll
0x00007fff0d9d0000 - 0x00007fff0d9f7000 	C:\Windows\System32\bcrypt.dll
0x00007fff0d430000 - 0x00007fff0d47b000 	C:\Windows\SYSTEM32\POWRPROF.dll
0x00007ffefa1b0000 - 0x00007ffefa1b9000 	C:\Windows\SYSTEM32\WSOCK32.dll
0x00007ffee74b0000 - 0x00007ffee74d7000 	C:\Windows\SYSTEM32\WINMM.dll
0x00007fff0ebe0000 - 0x00007fff0ec4b000 	C:\Windows\System32\WS2_32.dll
0x00007fff08a50000 - 0x00007fff08a5a000 	C:\Windows\SYSTEM32\VERSION.dll
0x00007fff0d410000 - 0x00007fff0d422000 	C:\Windows\SYSTEM32\UMPDC.dll
0x00007fff0bee0000 - 0x00007fff0bef2000 	C:\Windows\SYSTEM32\kernel.appcore.dll
0x00007ffee3370000 - 0x00007ffee337a000 	D:\AS\jbr\bin\jimage.dll
0x00007fff0b9f0000 - 0x00007fff0bbf1000 	C:\Windows\SYSTEM32\DBGHELP.DLL
0x00007ffeeaeb0000 - 0x00007ffeeaee4000 	C:\Windows\SYSTEM32\dbgcore.DLL
0x00007fff0de60000 - 0x00007fff0dee2000 	C:\Windows\System32\bcryptPrimitives.dll
0x00007ffec3940000 - 0x00007ffec394e000 	D:\AS\jbr\bin\instrument.dll
0x00007ffee3340000 - 0x00007ffee3365000 	D:\AS\jbr\bin\java.dll
0x00007ffedc010000 - 0x00007ffedc028000 	D:\AS\jbr\bin\zip.dll
0x00007fff0f370000 - 0x00007fff0fae0000 	C:\Windows\System32\SHELL32.dll
0x00007fff0b170000 - 0x00007fff0b915000 	C:\Windows\SYSTEM32\windows.storage.dll
0x00007fff0fc50000 - 0x00007fff0ffa4000 	C:\Windows\System32\combase.dll
0x00007fff0cfd0000 - 0x00007fff0cffb000 	C:\Windows\SYSTEM32\Wldp.dll
0x00007fff0e870000 - 0x00007fff0e93d000 	C:\Windows\System32\OLEAUT32.dll
0x00007fff0ee50000 - 0x00007fff0eefd000 	C:\Windows\System32\SHCORE.dll
0x00007fff0e010000 - 0x00007fff0e06b000 	C:\Windows\System32\shlwapi.dll
0x00007fff0d5b0000 - 0x00007fff0d5d4000 	C:\Windows\SYSTEM32\profapi.dll
0x00007ffecfcf0000 - 0x00007ffecfd09000 	D:\AS\jbr\bin\net.dll
0x00007fff08120000 - 0x00007fff0822a000 	C:\Windows\SYSTEM32\WINHTTP.dll
0x00007fff0cd30000 - 0x00007fff0cd9a000 	C:\Windows\system32\mswsock.dll
0x00007ffec3a80000 - 0x00007ffec3a96000 	D:\AS\jbr\bin\nio.dll
0x00007ffec3950000 - 0x00007ffec3960000 	D:\AS\jbr\bin\verify.dll
0x00007ffefc290000 - 0x00007ffefc2b7000 	C:\Users\Administrator\.gradle\native\c067742578af261105cb4f569cf0c3c89f3d7b1fecec35dd04571415982c5e48\windows-amd64\native-platform.dll
0x00007ffe92e40000 - 0x00007ffe92f84000 	C:\Users\Administrator\.gradle\native\38dada09dfb8b06ba9b0570ebf7e218e3eb74d4ef43ca46872605cf95ebc2f47\windows-amd64\native-platform-file-events.dll
0x00007ffedbfa0000 - 0x00007ffedbfa9000 	D:\AS\jbr\bin\management.dll
0x00007ffecfce0000 - 0x00007ffecfceb000 	D:\AS\jbr\bin\management_ext.dll
0x00007fff0f190000 - 0x00007fff0f198000 	C:\Windows\System32\PSAPI.DLL
0x00007fff0cf20000 - 0x00007fff0cf38000 	C:\Windows\SYSTEM32\CRYPTSP.dll
0x00007fff0c650000 - 0x00007fff0c688000 	C:\Windows\system32\rsaenh.dll
0x00007fff0d530000 - 0x00007fff0d55e000 	C:\Windows\SYSTEM32\USERENV.dll
0x00007fff0cf40000 - 0x00007fff0cf4c000 	C:\Windows\SYSTEM32\CRYPTBASE.dll
0x00007fff0ca10000 - 0x00007fff0ca4b000 	C:\Windows\SYSTEM32\IPHLPAPI.DLL
0x00007fff0e160000 - 0x00007fff0e168000 	C:\Windows\System32\NSI.dll
0x00007fff06830000 - 0x00007fff06847000 	C:\Windows\SYSTEM32\dhcpcsvc6.DLL
0x00007fff06bd0000 - 0x00007fff06bed000 	C:\Windows\SYSTEM32\dhcpcsvc.DLL
0x00007fff0ca50000 - 0x00007fff0cb1a000 	C:\Windows\SYSTEM32\DNSAPI.dll
0x00007ffedc000000 - 0x00007ffedc009000 	D:\AS\jbr\bin\extnet.dll
0x00007ffeedb10000 - 0x00007ffeedb17000 	C:\Windows\system32\wshunix.dll
0x00007fff0c8a0000 - 0x00007fff0c8d3000 	C:\Windows\SYSTEM32\ntmarta.dll

dbghelp: loaded successfully - version: 4.0.5 - missing functions: none
symbol engine: initialized successfully - sym options: 0x614 - pdb path: .;D:\AS\jbr\bin;C:\Windows\SYSTEM32;C:\Windows\WinSxS\amd64_microsoft.windows.common-controls_6595b64144ccf1df_6.0.19041.6456_none_60b8a6cb71f64256;D:\AS\jbr\bin\server;C:\Users\Administrator\.gradle\native\c067742578af261105cb4f569cf0c3c89f3d7b1fecec35dd04571415982c5e48\windows-amd64;C:\Users\Administrator\.gradle\native\38dada09dfb8b06ba9b0570ebf7e218e3eb74d4ef43ca46872605cf95ebc2f47\windows-amd64

VM Arguments:
jvm_args: --add-opens=java.base/java.util=ALL-UNNAMED --add-opens=java.base/java.lang=ALL-UNNAMED --add-opens=java.base/java.lang.invoke=ALL-UNNAMED --add-opens=java.prefs/java.util.prefs=ALL-UNNAMED --add-opens=java.base/java.nio.charset=ALL-UNNAMED --add-opens=java.base/java.net=ALL-UNNAMED --add-opens=java.base/java.util.concurrent.atomic=ALL-UNNAMED -Xmx2048m -Dfile.encoding=UTF-8 -Duser.country=CN -Duser.language=zh -Duser.variant -javaagent:C:\Users\Administrator\.gradle\wrapper\dists\gradle-8.7-bin\bhs2wmbdwecv87pi65oeuq5iu\gradle-8.7\lib\agents\gradle-instrumentation-agent-8.7.jar 
java_command: org.gradle.launcher.daemon.bootstrap.GradleDaemon 8.7
java_class_path (initial): C:\Users\Administrator\.gradle\wrapper\dists\gradle-8.7-bin\bhs2wmbdwecv87pi65oeuq5iu\gradle-8.7\lib\gradle-launcher-8.7.jar
Launcher Type: SUN_STANDARD

[Global flags]
     intx CICompilerCount                          = 3                                         {product} {ergonomic}
     uint ConcGCThreads                            = 2                                         {product} {ergonomic}
     uint G1ConcRefinementThreads                  = 6                                         {product} {ergonomic}
   size_t G1HeapRegionSize                         = 1048576                                   {product} {ergonomic}
    uintx GCDrainStackTargetSize                   = 64                                        {product} {ergonomic}
   size_t InitialHeapSize                          = 268435456                                 {product} {ergonomic}
   size_t MarkStackSize                            = 4194304                                   {product} {ergonomic}
   size_t MaxHeapSize                              = 2147483648                                {product} {command line}
   size_t MaxNewSize                               = 1287651328                                {product} {ergonomic}
   size_t MinHeapDeltaBytes                        = 1048576                                   {product} {ergonomic}
   size_t MinHeapSize                              = 8388608                                   {product} {ergonomic}
    uintx NonNMethodCodeHeapSize                   = 5832780                                {pd product} {ergonomic}
    uintx NonProfiledCodeHeapSize                  = 122912730                              {pd product} {ergonomic}
    uintx ProfiledCodeHeapSize                     = 122912730                              {pd product} {ergonomic}
    uintx ReservedCodeCacheSize                    = 251658240                              {pd product} {ergonomic}
     bool SegmentedCodeCache                       = true                                      {product} {ergonomic}
   size_t SoftMaxHeapSize                          = 2147483648                             {manageable} {ergonomic}
     bool UseCompressedClassPointers               = true                           {product lp64_product} {ergonomic}
     bool UseCompressedOops                        = true                           {product lp64_product} {ergonomic}
     bool UseG1GC                                  = true                                      {product} {ergonomic}
     bool UseLargePagesIndividualAllocation        = false                                  {pd product} {ergonomic}

Logging:
Log output configuration:
 #0: stdout all=warning uptime,level,tags
 #1: stderr all=off uptime,level,tags

Environment Variables:
JAVA_HOME=E:\Program Files\Java\jdk_21
PATH=C:\Program Files (x86)\Common Files\Oracle\Java\javapath;C:\Windows\system32;C:\Windows;C:\Windows\System32\Wbem;C:\Windows\System32\WindowsPowerShell\v1.0\;C:\Windows\System32\OpenSSH\;E:\Program Files\Java\jdk_21\bin;E:\Program Files\Java\jdk_21\bin;D:\apktool;D:\dev_soft\apache-maven-3.8.9\bin;C:\ProgramData\chocolatey\bin;D:\Program Files\Git\bin;D:\Program Files\Git\cmd;E:\Users\Administrator\AppData\Roaming\nvm;C:\Program Files\nodejs;C:\Program Files (x86)\Common Files\Oracle\Java\javapath;C:\Windows\system32;C:\Windows;C:\Windows\System32\Wbem;C:\Windows\System32\WindowsPowerShell\v1.0\;C:\Windows\System32\OpenSSH\;E:\Program Files\Java\jdk_21\bin;E:\Program Files\Java\jdk_21\bin;D:\apktool;D:\dev_soft\apache-maven-3.8.9\bin;C:\ProgramData\chocolatey\bin;D:\Program Files\Git\bin;D:\Program Files\Git\cmd;C:\Program Files\nodejs\;C:\Users\Administrator\AppData\Local\Microsoft\WindowsApps;E:\Program Files\JetBrains\IntelliJ IDEA 2024.2.4\bin;E:\VSCODE\Microsoft VS Code\bin;E:\Users\Administrator\AppData\Local\Programs\Antigravity\bin;C:\Users\Administrator\AppData\Roaming\npm;E:\Users\Administrator\AppData\Local\Programs\CodeBuddy CN\bin;E:\Users\Administrator\AppData\Roaming\nvm;C:\Program Files\nodejs
USERNAME=Administrator
OS=Windows_NT
PROCESSOR_IDENTIFIER=Intel64 Family 6 Model 158 Stepping 13, GenuineIntel
TMP=C:\Users\Administrator\AppData\Local\Temp
TEMP=C:\Users\Administrator\AppData\Local\Temp



Periodic native trim disabled

JNI global refs:
JNI global refs: 30, weak refs: 84

JNI global refs memory usage: 843, weak refs: 1473

Process memory usage:
Resident Set Size: 818684K (4% of 16650964K total physical memory with 1051860K free physical memory)

OOME stack traces (most recent first):
Classloader memory used:
Loader org.gradle.internal.classloader.VisitableURLClassLoader$InstrumentingVisitableURLClassLoader: 7047K
Loader org.gradle.internal.classloader.VisitableURLClassLoader                         : 5334K
Loader bootstrap                                                                       : 3528K
Loader org.gradle.initialization.MixInLegacyTypesClassLoader                           : 1533K
Loader jdk.internal.loader.ClassLoaders$AppClassLoader                                 : 1225K
Loader jdk.internal.reflect.DelegatingClassLoader                                      : 516K
Loader jdk.internal.loader.ClassLoaders$PlatformClassLoader                            : 100K
Loader org.gradle.groovy.scripts.internal.DefaultScriptCompilationHandler$ScriptClassLoader: 18141B
Loader org.gradle.internal.classloader.VisitableURLClassLoader                         : 9409B
Loader org.codehaus.groovy.runtime.callsite.CallSiteClassLoader                        : 1185B
Loader sun.reflect.misc.MethodUtil                                                     : 373B

Classes loaded by more than one classloader:
Class com.google.common.reflect.TypeCapture                                           : loaded 2 times (x 69B)
Class org.gradle.internal.installation.GradleInstallation                             : loaded 2 times (x 73B)
Class [Lcom.google.common.collect.MapMakerInternalMap$Segment;                        : loaded 2 times (x 67B)
Class com.google.common.collect.Iterators$MergingIterator                             : loaded 2 times (x 79B)
Class com.google.common.io.Closer$SuppressingSuppressor                               : loaded 2 times (x 73B)
Class org.objectweb.asm.ModuleVisitor                                                 : loaded 2 times (x 79B)
Class com.google.common.collect.Maps$IteratorBasedAbstractMap$1                       : loaded 2 times (x 136B)
Class com.google.common.io.ByteSource                                                 : loaded 2 times (x 82B)
Class [Lcom.google.common.collect.AbstractMapEntry;                                   : loaded 2 times (x 67B)
Class com.google.common.io.AppendableWriter                                           : loaded 2 times (x 98B)
Class com.google.common.collect.ImmutableRangeSet$AsSet                               : loaded 2 times (x 233B)
Class com.google.common.collect.SingletonImmutableList                                : loaded 2 times (x 167B)
Class com.google.common.cache.CacheLoader$SupplierToCacheLoader                       : loaded 2 times (x 73B)
Class org.gradle.internal.classpath.ClassPath                                         : loaded 2 times (x 68B)
Class com.google.common.io.FileWriteMode                                              : loaded 2 times (x 77B)
Class com.google.common.cache.RemovalListener                                         : loaded 2 times (x 68B)
Class org.gradle.api.internal.classpath.DefaultModuleRegistry                         : loaded 2 times (x 84B)
Class com.google.common.collect.FluentIterable$1                                      : loaded 2 times (x 79B)
Class com.google.common.collect.FluentIterable$2                                      : loaded 2 times (x 79B)
Class com.google.common.collect.FluentIterable$3                                      : loaded 2 times (x 79B)
Class com.google.common.collect.ImmutableEnumSet                                      : loaded 2 times (x 144B)
Class [Lcom.google.common.collect.MapMaker$Dummy;                                     : loaded 2 times (x 67B)
Class com.google.common.collect.ListMultimap                                          : loaded 2 times (x 68B)
Class com.google.common.base.CharMatcher$JavaDigit                                    : loaded 2 times (x 109B)
Class com.google.common.base.CharMatcher$Digit                                        : loaded 2 times (x 110B)
Class com.google.common.collect.AbstractMultimap                                      : loaded 2 times (x 121B)
Class com.google.common.io.ByteSource$ConcatenatedByteSource                          : loaded 2 times (x 83B)
Class com.google.common.cache.CacheBuilder$OneWeigher                                 : loaded 2 times (x 80B)
Class org.gradle.api.Action                                                           : loaded 2 times (x 68B)
Class com.google.common.io.ByteSource$SlicedByteSource                                : loaded 2 times (x 83B)
Class com.google.common.io.ByteArrayDataOutput                                        : loaded 2 times (x 68B)
Class com.google.common.collect.ImmutableEntry                                        : loaded 2 times (x 80B)
Class com.google.common.collect.Lists$StringAsImmutableList                           : loaded 2 times (x 167B)
Class com.google.common.collect.ImmutableMap$SerializedForm                           : loaded 2 times (x 71B)
Class com.google.common.cache.LocalCache$StrongEntry                                  : loaded 2 times (x 106B)
Class com.google.common.collect.MapMakerInternalMap$InternalEntryHelper               : loaded 2 times (x 68B)
Class org.objectweb.asm.FieldWriter                                                   : loaded 2 times (x 76B)
Class com.google.common.base.CharMatcher                                              : loaded 2 times (x 109B)
Class com.google.common.io.CharSource$AsByteSource                                    : loaded 2 times (x 83B)
Class com.google.common.base.CharMatcher$IsNot                                        : loaded 2 times (x 109B)
Class com.google.common.collect.RegularImmutableSortedSet                             : loaded 2 times (x 233B)
Class com.google.common.collect.Maps$IteratorBasedAbstractMap                         : loaded 2 times (x 123B)
Class com.google.common.collect.SetMultimap                                           : loaded 2 times (x 68B)
Class com.google.common.base.Splitter                                                 : loaded 2 times (x 70B)
Class [Lcom.google.common.cache.Weigher;                                              : loaded 2 times (x 67B)
Class com.google.common.collect.Iterators$ArrayItr                                    : loaded 2 times (x 95B)
Class com.google.common.collect.MapMakerInternalMap$Strength                          : loaded 2 times (x 78B)
Class com.google.common.cache.LocalCache$Segment                                      : loaded 2 times (x 152B)
Class org.gradle.api.internal.DefaultClassPathProvider                                : loaded 2 times (x 74B)
Class org.gradle.internal.installation.GradleInstallation$1                           : loaded 2 times (x 73B)
Class com.google.common.cache.LocalCache$AbstractReferenceEntry                       : loaded 2 times (x 105B)
Class org.objectweb.asm.Type                                                          : loaded 2 times (x 70B)
Class com.google.common.util.concurrent.AbstractFuture$Failure                        : loaded 2 times (x 70B)
Class com.google.common.base.CharMatcher$BitSetMatcher                                : loaded 2 times (x 110B)
Class com.google.common.collect.ImmutableMap$IteratorBasedImmutableMap                : loaded 2 times (x 123B)
Class com.google.common.reflect.Reflection                                            : loaded 2 times (x 69B)
Class com.google.common.io.Files$FileByteSource                                       : loaded 2 times (x 83B)
Class com.google.common.collect.ImmutableMap                                          : loaded 2 times (x 118B)
Class com.google.common.base.Converter                                                : loaded 2 times (x 88B)
Class com.google.common.collect.ImmutableSortedSetFauxverideShim                      : loaded 2 times (x 145B)
Class com.google.common.collect.ImmutableSet$EmptySetBuilderImpl                      : loaded 2 times (x 74B)
Class com.google.common.io.CharSource$ConcatenatedCharSource                          : loaded 2 times (x 84B)
Class com.google.common.base.Equivalence                                              : loaded 2 times (x 80B)
Class com.google.common.primitives.Ints                                               : loaded 2 times (x 69B)
Class com.google.common.cache.LocalCache$EntryFactory$1                               : loaded 2 times (x 81B)
Class com.google.common.cache.LocalCache$EntryFactory$2                               : loaded 2 times (x 81B)
Class com.google.common.cache.LocalCache$EntryFactory$3                               : loaded 2 times (x 81B)
Class [Lcom.google.common.collect.Maps$EntryFunction;                                 : loaded 2 times (x 67B)
Class com.google.common.cache.LocalCache$EntryFactory$4                               : loaded 2 times (x 81B)
Class com.google.common.cache.LocalCache$EntryFactory$5                               : loaded 2 times (x 81B)
Class com.google.common.cache.LocalCache$EntryFactory$6                               : loaded 2 times (x 81B)
Class com.google.common.reflect.TypeResolver$TypeVariableKey                          : loaded 2 times (x 70B)
Class com.google.common.cache.LocalCache$EntryFactory$7                               : loaded 2 times (x 81B)
Class com.google.common.cache.LocalCache$EntryFactory$8                               : loaded 2 times (x 81B)
Class com.google.common.base.Predicate                                                : loaded 2 times (x 68B)
Class com.google.common.cache.LocalCache$StrongValueReference                         : loaded 2 times (x 88B)
Class org.gradle.internal.classloader.FilteringClassLoader                            : loaded 2 times (x 103B)
Class com.google.common.collect.AbstractMapBasedMultimap$WrappedCollection            : loaded 2 times (x 122B)
Class com.google.common.reflect.TypeResolver$TypeTable                                : loaded 2 times (x 71B)
Class com.google.common.reflect.Invokable$MethodInvokable                             : loaded 2 times (x 103B)
Class com.google.common.collect.RegularImmutableSet                                   : loaded 2 times (x 146B)
Class [Lcom.google.common.cache.LocalCache$Strength;                                  : loaded 2 times (x 67B)
Class org.gradle.internal.classpath.DefaultClassPath$ImmutableUniqueList$Builder      : loaded 2 times (x 73B)
Class com.google.common.collect.AbstractRangeSet                                      : loaded 2 times (x 112B)
Class com.google.common.collect.Maps$8                                                : loaded 2 times (x 80B)
Class [Lcom.google.common.cache.CacheBuilder$NullListener;                            : loaded 2 times (x 67B)
Class com.google.common.base.PatternCompiler                                          : loaded 2 times (x 68B)
Class com.google.common.io.CharStreams$NullWriter                                     : loaded 2 times (x 97B)
Class com.google.common.base.CharMatcher$InRange                                      : loaded 2 times (x 109B)
Class com.google.common.collect.Maps$KeySet                                           : loaded 2 times (x 135B)
Class com.google.common.collect.ImmutableMultimap$EntryCollection                     : loaded 2 times (x 125B)
Class com.google.common.collect.Sets$SetView                                          : loaded 2 times (x 136B)
Class com.google.common.collect.BiMap                                                 : loaded 2 times (x 68B)
Class com.google.common.collect.Lists                                                 : loaded 2 times (x 69B)
Class org.objectweb.asm.AnnotationWriter                                              : loaded 2 times (x 77B)
Class com.google.common.math.IntMath$1                                                : loaded 2 times (x 69B)
Class org.gradle.internal.classloader.ClassLoaderVisitor                              : loaded 2 times (x 74B)
Class [Lcom.google.common.collect.HashBiMap$BiEntry;                                  : loaded 2 times (x 67B)
Class org.objectweb.asm.Label                                                         : loaded 2 times (x 71B)
Class com.google.common.cache.CacheBuilder$NullListener                               : loaded 2 times (x 80B)
Class com.google.common.collect.ImmutableMultimap                                     : loaded 2 times (x 145B)
Class com.google.common.math.MathPreconditions                                        : loaded 2 times (x 69B)
Class com.google.common.io.ByteStreams$1                                              : loaded 2 times (x 83B)
Class settings_9ux496adk0il2h19nxiamzmv0$_run_closure1$_closure2                      : loaded 2 times (x 137B)
Class org.gradle.internal.service.DefaultServiceLocator                               : loaded 2 times (x 81B)
Class org.gradle.internal.service.UnknownServiceException                             : loaded 2 times (x 81B)
Class com.google.common.util.concurrent.AbstractFuture$SynchronizedHelper             : loaded 2 times (x 76B)
Class com.google.common.collect.ArrayListMultimap                                     : loaded 2 times (x 170B)
Class com.google.common.collect.Collections2$FilteredCollection                       : loaded 2 times (x 117B)
Class com.google.common.base.Strings                                                  : loaded 2 times (x 69B)
Class com.google.common.io.Closer                                                     : loaded 2 times (x 76B)
Class com.google.common.cache.LocalCache$Values                                       : loaded 2 times (x 116B)
Class com.google.common.cache.CacheLoader$InvalidCacheLoadException                   : loaded 2 times (x 80B)
Class org.gradle.internal.classloader.DefaultClassLoaderFactory                       : loaded 2 times (x 80B)
Class com.google.common.collect.UnmodifiableIterator                                  : loaded 2 times (x 78B)
Class com.google.common.base.Stopwatch                                                : loaded 2 times (x 70B)
Class com.google.common.reflect.Types                                                 : loaded 2 times (x 69B)
Class com.google.common.base.Platform$JdkPatternCompiler                              : loaded 2 times (x 73B)
Class com.google.common.collect.Interners$InternerImpl                                : loaded 2 times (x 73B)
Class com.google.common.cache.LocalCache$LoadingValueReference                        : loaded 2 times (x 94B)
Class com.google.common.base.CharMatcher$SingleWidth                                  : loaded 2 times (x 110B)
Class com.google.common.collect.Hashing                                               : loaded 2 times (x 69B)
Class com.google.common.io.ByteStreams$LimitedInputStream                             : loaded 2 times (x 90B)
Class com.google.common.collect.MapMakerInternalMap$AbstractStrongKeyEntry            : loaded 2 times (x 78B)
Class com.google.common.collect.ImmutableRangeSet$ComplementRanges                    : loaded 2 times (x 167B)
Class [Lcom.google.common.reflect.Types$ClassOwnership;                               : loaded 2 times (x 67B)
Class com.google.common.base.JdkPattern                                               : loaded 2 times (x 73B)
Class com.google.common.base.Optional                                                 : loaded 2 times (x 78B)
Class com.google.common.collect.Multimap                                              : loaded 2 times (x 68B)
Class [Lcom.google.common.cache.RemovalCause;                                         : loaded 2 times (x 67B)
Class com.google.common.base.FunctionalEquivalence                                    : loaded 2 times (x 81B)
Class org.objectweb.asm.RecordComponentWriter                                         : loaded 2 times (x 76B)
Class org.objectweb.asm.AnnotationVisitor                                             : loaded 2 times (x 76B)
Class com.google.common.cache.LocalCache$1                                            : loaded 2 times (x 87B)
Class com.google.common.cache.LocalCache$2                                            : loaded 2 times (x 140B)
Class com.google.common.collect.RegularImmutableBiMap                                 : loaded 2 times (x 146B)
Class org.gradle.internal.classloader.VisitableURLClassLoader$Spec                    : loaded 2 times (x 72B)
Class org.gradle.api.GradleException                                                  : loaded 2 times (x 80B)
Class com.google.common.base.CharMatcher$JavaLetterOrDigit                            : loaded 2 times (x 109B)
Class org.gradle.api.internal.classpath.ModuleRegistry                                : loaded 2 times (x 68B)
Class com.google.common.collect.ForwardingObject                                      : loaded 2 times (x 70B)
Class com.google.common.reflect.TypeToken$1                                           : loaded 2 times (x 106B)
Class com.google.common.cache.CacheBuilder                                            : loaded 2 times (x 70B)
Class com.google.common.reflect.TypeToken$2                                           : loaded 2 times (x 106B)
Class org.objectweb.asm.ByteVector                                                    : loaded 2 times (x 77B)
Class com.google.common.collect.ImmutableCollection                                   : loaded 2 times (x 123B)
Class com.google.common.collect.ImmutableRangeSet                                     : loaded 2 times (x 113B)
Class com.google.common.base.PairwiseEquivalence                                      : loaded 2 times (x 81B)
Class com.google.common.base.Ticker                                                   : loaded 2 times (x 70B)
Class org.gradle.api.internal.ClassPathProvider                                       : loaded 2 times (x 68B)
Class com.google.common.base.Ascii                                                    : loaded 2 times (x 69B)
Class com.google.common.collect.RegularImmutableMap$Values                            : loaded 2 times (x 167B)
Class org.objectweb.asm.ModuleWriter                                                  : loaded 2 times (x 80B)
Class org.gradle.internal.classloader.ClasspathUtil$1                                 : loaded 2 times (x 74B)
Class com.google.common.io.ByteSource$AsCharSource                                    : loaded 2 times (x 84B)
Class com.google.common.cache.LocalCache$WeakValueReference                           : loaded 2 times (x 95B)
Class com.google.common.collect.ImmutableEnumMap                                      : loaded 2 times (x 123B)
Class settings_9ux496adk0il2h19nxiamzmv0                                              : loaded 2 times (x 177B)
Class com.google.common.collect.ImmutableList$ReverseImmutableList                    : loaded 2 times (x 168B)
Class com.google.common.cache.AbstractCache$StatsCounter                              : loaded 2 times (x 68B)
Class com.google.common.collect.Maps$EntryFunction$1                                  : loaded 2 times (x 89B)
Class com.google.common.collect.Maps$EntryFunction$2                                  : loaded 2 times (x 89B)
Class org.objectweb.asm.FieldVisitor                                                  : loaded 2 times (x 75B)
Class org.objectweb.asm.Symbol                                                        : loaded 2 times (x 71B)
Class com.google.common.reflect.TypeToken                                             : loaded 2 times (x 71B)
Class com.google.common.cache.LocalCache$Strength$1                                   : loaded 2 times (x 79B)
Class com.google.common.collect.EmptyImmutableListMultimap                            : loaded 2 times (x 174B)
Class com.google.common.cache.LocalCache$Strength$2                                   : loaded 2 times (x 79B)
Class com.google.common.cache.LocalCache$Strength$3                                   : loaded 2 times (x 79B)
Class org.gradle.internal.classloader.ClassLoaderFactory                              : loaded 2 times (x 68B)
Class com.google.common.collect.ObjectArrays                                          : loaded 2 times (x 69B)
Class com.google.common.base.Absent                                                   : loaded 2 times (x 78B)
Class com.google.common.util.concurrent.AbstractFuture$Waiter                         : loaded 2 times (x 70B)
Class com.google.common.util.concurrent.Uninterruptibles                              : loaded 2 times (x 69B)
Class com.google.common.collect.Iterators$10                                          : loaded 2 times (x 79B)
Class com.google.common.collect.Iterators$EmptyModifiableIterator                     : loaded 2 times (x 84B)
Class com.google.common.collect.ImmutableList                                         : loaded 2 times (x 166B)
Class org.gradle.api.internal.classpath.ManifestUtil                                  : loaded 2 times (x 69B)
Class org.gradle.api.specs.Spec                                                       : loaded 2 times (x 68B)
Class com.google.common.collect.RangeSet                                              : loaded 2 times (x 68B)
Class com.google.common.cache.CacheLoader$UnsupportedLoadingOperationException        : loaded 2 times (x 80B)
Class com.google.common.base.CharMatcher$Whitespace                                   : loaded 2 times (x 110B)
Class com.google.common.util.concurrent.ListenableFuture                              : loaded 2 times (x 68B)
Class com.google.common.collect.MapMaker$Dummy                                        : loaded 2 times (x 77B)
Class com.google.common.collect.Iterators$1                                           : loaded 2 times (x 79B)
Class com.google.common.collect.BaseImmutableMultimap                                 : loaded 2 times (x 121B)
Class com.google.common.collect.Iterators$4                                           : loaded 2 times (x 80B)
Class com.google.common.collect.RegularImmutableMap$BucketOverflowException           : loaded 2 times (x 80B)
Class com.google.common.collect.Iterators$5                                           : loaded 2 times (x 80B)
Class com.google.common.collect.Iterators$6                                           : loaded 2 times (x 79B)
Class com.google.common.util.concurrent.AbstractFuture$UnsafeAtomicHelper             : loaded 2 times (x 76B)
Class com.google.common.base.Joiner                                                   : loaded 2 times (x 77B)
Class com.google.common.base.Equivalence$Equals                                       : loaded 2 times (x 80B)
Class com.google.common.base.Preconditions                                            : loaded 2 times (x 69B)
Class com.google.common.base.Function                                                 : loaded 2 times (x 68B)
Class com.google.common.collect.Iterators$9                                           : loaded 2 times (x 79B)
Class settings_9ux496adk0il2h19nxiamzmv0$_run_closure1                                : loaded 2 times (x 137B)
Class org.gradle.internal.IoActions                                                   : loaded 2 times (x 69B)
Class com.google.common.collect.MapMakerInternalMap$StrongKeyDummyValueEntry$Helper   : loaded 2 times (x 77B)
Class com.google.common.cache.ReferenceEntry                                          : loaded 2 times (x 68B)
Class com.google.common.collect.RegularImmutableMap$KeySet                            : loaded 2 times (x 148B)
Class com.google.common.collect.CollectPreconditions                                  : loaded 2 times (x 69B)
Class [Lcom.google.common.base.Function;                                              : loaded 2 times (x 67B)
Class com.google.common.primitives.IntsMethodsForWeb                                  : loaded 2 times (x 69B)
Class com.google.common.collect.RangeGwtSerializationDependencies                     : loaded 2 times (x 69B)
Class com.google.common.collect.Maps                                                  : loaded 2 times (x 69B)
Class com.google.common.collect.RegularImmutableMap                                   : loaded 2 times (x 119B)
Class com.google.common.collect.AbstractIndexedListIterator                           : loaded 2 times (x 94B)
Class com.google.common.collect.ImmutableMultimap$Builder                             : loaded 2 times (x 81B)
Class com.google.common.base.CharMatcher$None                                         : loaded 2 times (x 110B)
Class org.gradle.api.internal.classpath.EffectiveClassPath                            : loaded 2 times (x 88B)
Class com.google.common.collect.UnmodifiableListIterator                              : loaded 2 times (x 93B)
Class com.google.common.io.Files                                                      : loaded 2 times (x 69B)
Class com.google.common.cache.CacheLoader$FunctionToCacheLoader                       : loaded 2 times (x 73B)
Class com.google.common.cache.CacheBuilder$1                                          : loaded 2 times (x 83B)
Class com.google.common.cache.CacheBuilder$2                                          : loaded 2 times (x 70B)
Class com.google.common.collect.ImmutableList$1                                       : loaded 2 times (x 95B)
Class com.google.common.base.Splitter$Strategy                                        : loaded 2 times (x 68B)
Class com.google.common.io.CharStreams                                                : loaded 2 times (x 69B)
Class com.google.common.collect.ImmutableMapEntrySet$RegularEntrySet                  : loaded 2 times (x 149B)
Class com.google.common.base.Predicates$CompositionPredicate                          : loaded 2 times (x 86B)
Class [Lcom.google.common.cache.RemovalListener;                                      : loaded 2 times (x 67B)
Class [Lcom.google.common.collect.ImmutableMapEntry;                                  : loaded 2 times (x 67B)
Class com.google.common.collect.Interners                                             : loaded 2 times (x 69B)
Class com.google.common.collect.MapMakerInternalMap$Strength$1                        : loaded 2 times (x 78B)
Class org.gradle.internal.installation.CurrentGradleInstallation                      : loaded 2 times (x 71B)
Class com.google.common.collect.MapMakerInternalMap$Strength$2                        : loaded 2 times (x 78B)
Class org.gradle.internal.agents.InstrumentingClassLoader                             : loaded 2 times (x 68B)
Class org.gradle.internal.installation.CurrentGradleInstallationLocator               : loaded 2 times (x 69B)
Class [Lcom.google.common.cache.LocalCache$Segment;                                   : loaded 2 times (x 67B)
Class org.gradle.api.internal.classpath.Module                                        : loaded 2 times (x 68B)
Class com.google.common.io.ByteSource$ByteArrayByteSource                             : loaded 2 times (x 83B)
Class com.google.common.collect.ImmutableSortedSet                                    : loaded 2 times (x 233B)
Class com.google.common.base.Splitter$1$1                                             : loaded 2 times (x 84B)
Class com.google.common.collect.MapMakerInternalMap$Segment                           : loaded 2 times (x 140B)
Class com.google.common.collect.ImmutableSet$JdkBackedSetBuilderImpl                  : loaded 2 times (x 74B)
Class com.google.common.reflect.Types$TypeVariableInvocationHandler                   : loaded 2 times (x 73B)
Class com.google.common.reflect.Types$ClassOwnership                                  : loaded 2 times (x 78B)
Class com.google.common.collect.ImmutableSet$RegularSetBuilderImpl                    : loaded 2 times (x 75B)
Class [Lorg.objectweb.asm.AnnotationWriter;                                           : loaded 2 times (x 67B)
Class org.gradle.internal.service.CachingServiceLocator                               : loaded 2 times (x 80B)
Class [Lcom.google.common.collect.ImmutableEntry;                                     : loaded 2 times (x 67B)
Class com.google.common.collect.Sets$ImprovedAbstractSet                              : loaded 2 times (x 133B)
Class com.google.common.collect.AbstractMapBasedMultimap$AsMap                        : loaded 2 times (x 126B)
Class org.gradle.internal.classpath.DefaultClassPath                                  : loaded 2 times (x 88B)
Class com.google.common.collect.MapMakerInternalMap$1                                 : loaded 2 times (x 81B)
Class com.google.common.util.concurrent.AbstractFuture$SetFuture                      : loaded 2 times (x 73B)
Class com.google.common.collect.CollectCollectors                                     : loaded 2 times (x 69B)
Class com.google.common.collect.TransformedIterator                                   : loaded 2 times (x 78B)
Class com.google.common.base.Splitter$SplittingIterator                               : loaded 2 times (x 82B)
Class com.google.common.collect.ImmutableMultisetGwtSerializationDependencies         : loaded 2 times (x 123B)
Class com.google.common.reflect.TypeParameter                                         : loaded 2 times (x 70B)
Class com.google.common.collect.ImmutableListMultimap                                 : loaded 2 times (x 174B)
Class com.google.common.cache.LocalCache$LocalManualCache$1                           : loaded 2 times (x 73B)
Class com.google.common.reflect.Types$ClassOwnership$1LocalClass                      : loaded 2 times (x 69B)
Class com.google.common.collect.Lists$RandomAccessReverseList                         : loaded 2 times (x 160B)
Class [Lcom.google.common.collect.AbstractIterator$State;                             : loaded 2 times (x 67B)
Class org.objectweb.asm.SymbolTable$Entry                                             : loaded 2 times (x 72B)
Class [Lcom.google.common.cache.LocalCache$EntryFactory;                              : loaded 2 times (x 67B)
Class com.google.common.base.CharMatcher$Is                                           : loaded 2 times (x 109B)
Class com.google.common.collect.Maps$AbstractFilteredMap                              : loaded 2 times (x 125B)
Class com.google.common.base.Platform                                                 : loaded 2 times (x 69B)
Class com.google.common.collect.RegularImmutableAsList                                : loaded 2 times (x 176B)
Class com.google.common.base.Suppliers$NonSerializableMemoizingSupplier               : loaded 2 times (x 77B)
Class com.google.common.collect.PeekingIterator                                       : loaded 2 times (x 68B)
Class com.google.common.collect.ImmutableSetMultimap                                  : loaded 2 times (x 178B)
Class com.google.common.io.Resources$UrlByteSource                                    : loaded 2 times (x 83B)
Class com.google.common.reflect.TypeResolver$TypeTable$1                              : loaded 2 times (x 71B)
Class com.google.common.collect.ImmutableMapEntrySet                                  : loaded 2 times (x 149B)
Class com.google.common.cache.CacheLoader                                             : loaded 2 times (x 72B)
Class com.google.common.collect.ImmutableBiMapFauxverideShim                          : loaded 2 times (x 118B)
Class org.objectweb.asm.MethodTooLargeException                                       : loaded 2 times (x 81B)
Class com.google.common.collect.HashBiMap$Inverse                                     : loaded 2 times (x 140B)
Class com.google.common.cache.Cache                                                   : loaded 2 times (x 68B)
Class com.google.common.collect.Maps$EntrySet                                         : loaded 2 times (x 134B)
Class org.gradle.internal.classloader.SystemClassLoaderSpec                           : loaded 2 times (x 69B)
Class com.google.common.io.LineBuffer                                                 : loaded 2 times (x 73B)
Class com.google.common.util.concurrent.internal.InternalFutureFailureAccess          : loaded 2 times (x 70B)
Class com.google.common.io.CharSource$StringCharSource                                : loaded 2 times (x 84B)
Class com.google.common.base.Charsets                                                 : loaded 2 times (x 69B)
Class com.google.common.primitives.Ints$IntConverter                                  : loaded 2 times (x 88B)
Class com.google.common.collect.SingletonImmutableSet                                 : loaded 2 times (x 144B)
Class com.google.common.reflect.Types$TypeVariableImpl                                : loaded 2 times (x 70B)
Class com.google.common.collect.Interners$InternerBuilder                             : loaded 2 times (x 74B)
Class [Lcom.google.common.base.AbstractIterator$State;                                : loaded 2 times (x 67B)
Class com.google.common.collect.ImmutableMap$Builder                                  : loaded 2 times (x 80B)
Class com.google.common.io.LineReader$1                                               : loaded 2 times (x 73B)
Class com.google.common.base.AbstractIterator                                         : loaded 2 times (x 78B)
Class org.objectweb.asm.ClassWriter                                                   : loaded 2 times (x 104B)
Class com.google.common.collect.Range                                                 : loaded 2 times (x 85B)
Class com.google.common.base.AbstractIterator$1                                       : loaded 2 times (x 69B)
Class [Lcom.google.common.cache.CacheBuilder$OneWeigher;                              : loaded 2 times (x 67B)
Class com.google.common.collect.Iterators                                             : loaded 2 times (x 69B)
Class com.google.common.base.CharMatcher$1                                            : loaded 2 times (x 111B)
Class com.google.common.base.CharMatcher$Ascii                                        : loaded 2 times (x 110B)
Class com.google.common.cache.LocalCache$ComputingValueReference                      : loaded 2 times (x 94B)
Class com.google.common.cache.LocalCache$SoftValueReference                           : loaded 2 times (x 95B)
Class com.google.common.collect.ImmutableList$SerializedForm                          : loaded 2 times (x 71B)
Class org.gradle.api.UncheckedIOException                                             : loaded 2 times (x 80B)
Class com.google.common.base.CharMatcher$And                                          : loaded 2 times (x 110B)
Class [Lcom.google.common.io.FileWriteMode;                                           : loaded 2 times (x 67B)
Class com.google.common.io.Files$FileByteSink                                         : loaded 2 times (x 75B)
Class com.google.common.collect.IndexedImmutableSet                                   : loaded 2 times (x 148B)
Class com.google.common.base.ExtraObjectsMethodsForWeb                                : loaded 2 times (x 69B)
Class com.google.common.collect.IndexedImmutableSet$1                                 : loaded 2 times (x 172B)
Class com.google.common.collect.AbstractListMultimap                                  : loaded 2 times (x 170B)
Class com.google.common.base.CharMatcher$Any                                          : loaded 2 times (x 110B)
Class com.google.common.cache.LocalCache$Strength                                     : loaded 2 times (x 79B)
Class com.google.common.collect.AbstractMapBasedMultimap$KeySet                       : loaded 2 times (x 135B)
Class com.google.common.collect.SortedIterable                                        : loaded 2 times (x 68B)
Class com.google.common.collect.ArrayListMultimapGwtSerializationDependencies         : loaded 2 times (x 170B)
Class com.google.common.base.CharMatcher$RangesMatcher                                : loaded 2 times (x 110B)
Class com.google.common.collect.AbstractMapBasedMultimap$RandomAccessWrappedList      : loaded 2 times (x 165B)
Class org.objectweb.asm.Handler                                                       : loaded 2 times (x 70B)
Class com.google.common.collect.ImmutableList$SubList                                 : loaded 2 times (x 168B)
Class com.google.common.cache.LocalCache$ValueReference                               : loaded 2 times (x 68B)
Class com.google.common.collect.CollectSpliterators                                   : loaded 2 times (x 69B)
Class com.google.common.io.Java8Compatibility                                         : loaded 2 times (x 69B)
Class org.gradle.internal.classloader.ClasspathUtil                                   : loaded 2 times (x 69B)
Class org.objectweb.asm.CurrentFrame                                                  : loaded 2 times (x 71B)
Class com.google.common.util.concurrent.AbstractFuture                                : loaded 2 times (x 93B)
Class com.google.common.reflect.TypeResolver                                          : loaded 2 times (x 70B)
Class com.google.common.base.Splitter$1                                               : loaded 2 times (x 75B)
Class build_6vvf5tjhbkwox359twi65zjss                                                 : loaded 2 times (x 178B)
Class com.google.common.collect.TransformedListIterator                               : loaded 2 times (x 91B)
Class com.google.common.cache.LocalCache$ValueIterator                                : loaded 2 times (x 84B)
Class com.google.common.base.Ticker$1                                                 : loaded 2 times (x 70B)
Class com.google.common.collect.Maps$BiMapConverter                                   : loaded 2 times (x 88B)
Class org.gradle.api.internal.DefaultClassPathRegistry                                : loaded 2 times (x 74B)
Class com.google.common.collect.AbstractIterator$State                                : loaded 2 times (x 77B)
Class com.google.common.util.concurrent.AbstractFuture$Cancellation                   : loaded 2 times (x 70B)
Class [Lorg.objectweb.asm.Symbol;                                                     : loaded 2 times (x 67B)
Class com.google.common.base.Predicates                                               : loaded 2 times (x 69B)
Class com.google.common.collect.Interner                                              : loaded 2 times (x 68B)
Class com.google.common.collect.ImmutableSet$SetBuilderImpl                           : loaded 2 times (x 74B)
Class org.gradle.api.internal.classpath.DefaultModuleRegistry$DefaultModule           : loaded 2 times (x 84B)
Class com.google.common.io.LineReader                                                 : loaded 2 times (x 70B)
Class com.google.common.base.CharMatcher$JavaIsoControl                               : loaded 2 times (x 110B)
Class com.google.common.collect.ImmutableMap$1                                        : loaded 2 times (x 79B)
Class com.google.common.base.CharMatcher$Or                                           : loaded 2 times (x 110B)
Class com.google.common.cache.RemovalCause$1                                          : loaded 2 times (x 78B)
Class com.google.common.cache.RemovalCause$2                                          : loaded 2 times (x 78B)
Class com.google.common.cache.RemovalCause$3                                          : loaded 2 times (x 78B)
Class com.google.common.cache.RemovalCause$4                                          : loaded 2 times (x 78B)
Class com.google.common.cache.RemovalCause$5                                          : loaded 2 times (x 78B)
Class com.google.common.base.Suppliers$SupplierOfInstance                             : loaded 2 times (x 77B)
Class org.objectweb.asm.RecordComponentVisitor                                        : loaded 2 times (x 75B)
Class com.google.common.reflect.Types$ClassOwnership$1                                : loaded 2 times (x 78B)
Class com.google.common.reflect.Invokable                                             : loaded 2 times (x 99B)
Class com.google.common.reflect.Types$ClassOwnership$2                                : loaded 2 times (x 78B)
Class com.google.common.reflect.Types$ClassOwnership$3                                : loaded 2 times (x 69B)
Class com.google.common.cache.LocalCache$HashIterator                                 : loaded 2 times (x 84B)
Class com.google.common.collect.Iterables                                             : loaded 2 times (x 69B)
Class com.google.common.base.CharMatcher$JavaLowerCase                                : loaded 2 times (x 109B)
Class com.google.common.cache.LocalCache$WriteThroughEntry                            : loaded 2 times (x 77B)
Class org.objectweb.asm.ClassTooLargeException                                        : loaded 2 times (x 81B)
Class org.gradle.api.internal.classpath.UnknownModuleException                        : loaded 2 times (x 80B)
Class com.google.common.collect.FluentIterable                                        : loaded 2 times (x 79B)
Class com.google.common.util.concurrent.AbstractFuture$Listener                       : loaded 2 times (x 70B)
Class com.google.common.collect.CollectSpliterators$1                                 : loaded 2 times (x 88B)
Class com.google.common.collect.MapMakerInternalMap$StrongKeyDummyValueEntry$LinkedStrongKeyDummyValueEntry: loaded 2 times (x 80B)
Class com.google.common.collect.Iterables$4                                           : loaded 2 times (x 79B)
Class com.google.common.collect.Iterables$5                                           : loaded 2 times (x 79B)
Class org.objectweb.asm.Edge                                                          : loaded 2 times (x 70B)
Class com.google.common.collect.Maps$EntryTransformer                                 : loaded 2 times (x 68B)
Class com.google.common.collect.ImmutableCollection$Builder                           : loaded 2 times (x 74B)
Class com.google.common.io.ByteArrayDataInput                                         : loaded 2 times (x 68B)
Class [Lorg.objectweb.asm.SymbolTable$Entry;                                          : loaded 2 times (x 67B)
Class com.google.common.reflect.Types$JavaVersion                                     : loaded 2 times (x 81B)
Class com.google.common.collect.SingletonImmutableBiMap                               : loaded 2 times (x 141B)
Class com.google.common.base.CommonPattern                                            : loaded 2 times (x 72B)
Class com.google.common.base.Suppliers$MemoizingSupplier                              : loaded 2 times (x 77B)
Class com.google.common.base.Suppliers                                                : loaded 2 times (x 69B)
Class [Lcom.google.common.collect.Iterators$EmptyModifiableIterator;                  : loaded 2 times (x 67B)
Class org.objectweb.asm.ClassVisitor                                                  : loaded 2 times (x 86B)
Class com.google.common.collect.MapMakerInternalMap$StrongKeyDummyValueEntry          : loaded 2 times (x 80B)
Class com.google.common.cache.LoadingCache                                            : loaded 2 times (x 68B)
Class org.gradle.internal.service.ServiceLookupException                              : loaded 2 times (x 80B)
Class com.google.common.collect.MapMakerInternalMap$StrongKeyDummyValueSegment        : loaded 2 times (x 140B)
Class org.gradle.cache.GlobalCache                                                    : loaded 2 times (x 68B)
Class com.google.common.base.Present                                                  : loaded 2 times (x 79B)
Class com.google.common.base.CharMatcher$NegatedFastMatcher                           : loaded 2 times (x 111B)
Class [Lorg.gradle.api.internal.ClassPathProvider;                                    : loaded 2 times (x 67B)
Class com.google.common.util.concurrent.AbstractFuture$SafeAtomicHelper               : loaded 2 times (x 77B)
Class com.google.common.collect.ImmutableMultimap$Values                              : loaded 2 times (x 124B)
Class org.gradle.util.internal.GUtil                                                  : loaded 2 times (x 69B)
Class com.google.common.math.IntMath                                                  : loaded 2 times (x 69B)
Class [Lcom.google.common.reflect.Types$JavaVersion;                                  : loaded 2 times (x 67B)
Class com.google.common.collect.AbstractIterator                                      : loaded 2 times (x 80B)
Class org.gradle.internal.classloader.ClassLoaderSpec                                 : loaded 2 times (x 69B)
Class com.google.common.io.LineProcessor                                              : loaded 2 times (x 68B)
Class com.google.common.base.NullnessCasts                                            : loaded 2 times (x 69B)
Class com.google.common.io.CharSink                                                   : loaded 2 times (x 77B)
Class org.objectweb.asm.Frame                                                         : loaded 2 times (x 71B)
Class com.google.common.cache.LocalCache$LocalManualCache                             : loaded 2 times (x 97B)
Class com.google.common.collect.AbstractMapEntry                                      : loaded 2 times (x 79B)
Class com.google.common.collect.ImmutableList$Builder                                 : loaded 2 times (x 75B)
Class com.google.common.base.CharMatcher$Negated                                      : loaded 2 times (x 111B)
Class com.google.common.cache.CacheLoader$1                                           : loaded 2 times (x 73B)
Class build_6vvf5tjhbkwox359twi65zjss$_run_closure1                                   : loaded 2 times (x 137B)
Class [Lcom.google.common.collect.MapMakerInternalMap$Strength;                       : loaded 2 times (x 67B)
Class com.google.common.util.concurrent.AbstractFuture$TrustedFuture                  : loaded 2 times (x 95B)
Class com.google.common.cache.RemovalCause                                            : loaded 2 times (x 78B)
Class com.google.common.collect.MapMakerInternalMap$InternalEntry                     : loaded 2 times (x 68B)
Class com.google.common.collect.Maps$ViewCachingAbstractMap                           : loaded 2 times (x 123B)
Class com.google.common.collect.Sets                                                  : loaded 2 times (x 69B)
Class com.google.common.collect.ImmutableSet$Builder                                  : loaded 2 times (x 83B)
Class com.google.common.collect.Sets$FilteredSet                                      : loaded 2 times (x 135B)
Class com.google.common.collect.MapMakerInternalMap                                   : loaded 2 times (x 159B)
Class com.google.common.base.CharMatcher$ForPredicate                                 : loaded 2 times (x 110B)
Class com.google.common.collect.ImmutableMap$MapViewOfValuesAsSingletonSets           : loaded 2 times (x 123B)
Class com.google.common.collect.ImmutableMapKeySet                                    : loaded 2 times (x 148B)
Class com.google.common.base.MoreObjects                                              : loaded 2 times (x 69B)
Class com.google.common.collect.SortedMapDifference                                   : loaded 2 times (x 68B)
Class org.objectweb.asm.SymbolTable                                                   : loaded 2 times (x 70B)
Class [Lorg.objectweb.asm.AnnotationVisitor;                                          : loaded 2 times (x 67B)
Class com.google.common.cache.CacheStats                                              : loaded 2 times (x 69B)
Class org.objectweb.asm.Attribute                                                     : loaded 2 times (x 75B)
Class org.gradle.internal.classloader.VisitableURLClassLoader                         : loaded 2 times (x 115B)
Class com.google.common.cache.LocalCache$LocalLoadingCache                            : loaded 2 times (x 132B)
Class com.google.common.io.CharSource$CharSequenceCharSource                          : loaded 2 times (x 84B)
Class com.google.common.base.Supplier                                                 : loaded 2 times (x 68B)
Class com.google.common.collect.HashBiMap$BiEntry                                     : loaded 2 times (x 81B)
Class com.google.common.collect.ImmutableMultimap$Keys                                : loaded 2 times (x 164B)
Class com.google.common.base.Objects                                                  : loaded 2 times (x 69B)
Class com.google.common.util.concurrent.AbstractFuture$AtomicHelper                   : loaded 2 times (x 76B)
Class com.google.common.collect.ImmutableBiMap                                        : loaded 2 times (x 141B)
Class org.gradle.internal.Cast                                                        : loaded 2 times (x 69B)
Class com.google.common.hash.PrimitiveSink                                            : loaded 2 times (x 68B)
Class com.google.common.collect.NullnessCasts                                         : loaded 2 times (x 69B)
Class com.google.common.io.CharSource$EmptyCharSource                                 : loaded 2 times (x 84B)
Class org.gradle.api.internal.ClassPathRegistry                                       : loaded 2 times (x 68B)
Class com.google.common.cache.LocalCache$EntryFactory                                 : loaded 2 times (x 81B)
Class com.google.common.util.concurrent.UncheckedExecutionException                   : loaded 2 times (x 80B)
Class com.google.common.collect.ImmutableSet                                          : loaded 2 times (x 143B)
Class org.gradle.internal.classloader.VisitableURLClassLoader$InstrumentingVisitableURLClassLoader: loaded 2 times (x 121B)
Class org.gradle.internal.classloader.ClassLoaderHierarchy                            : loaded 2 times (x 68B)
Class com.google.common.collect.Lists$ReverseList                                     : loaded 2 times (x 160B)
Class com.google.common.io.Closer$Suppressor                                          : loaded 2 times (x 68B)
Class com.google.common.collect.AbstractMapBasedMultimap$WrappedList                  : loaded 2 times (x 165B)
Class [Lorg.objectweb.asm.Type;                                                       : loaded 2 times (x 67B)
Class com.google.common.collect.MapMakerInternalMap$WeakValueReference                : loaded 2 times (x 68B)
Class com.google.common.collect.Lists$ReverseList$1                                   : loaded 2 times (x 97B)
Class com.google.common.base.AbstractIterator$State                                   : loaded 2 times (x 77B)
Class com.google.common.cache.Weigher                                                 : loaded 2 times (x 68B)
Class com.google.common.collect.MapMakerInternalMap$StrongValueEntry                  : loaded 2 times (x 68B)
Class com.google.common.base.CharMatcher$NamedFastMatcher                             : loaded 2 times (x 110B)
Class org.gradle.internal.InternalTransformer                                         : loaded 2 times (x 68B)
Class com.google.common.collect.AbstractMapBasedMultimap$AsMap$AsMapEntries           : loaded 2 times (x 136B)
Class org.gradle.internal.service.ServiceLocator                                      : loaded 2 times (x 68B)
Class com.google.common.collect.ImmutableRangeSet$1                                   : loaded 2 times (x 169B)
Class com.google.common.util.concurrent.SettableFuture                                : loaded 2 times (x 95B)
Class com.google.common.io.Files$2                                                    : loaded 2 times (x 74B)
Class com.google.common.collect.ImmutableMapEntry                                     : loaded 2 times (x 83B)
Class com.google.common.collect.Maps$EntryFunction                                    : loaded 2 times (x 89B)
Class com.google.common.reflect.Types$ParameterizedTypeImpl                           : loaded 2 times (x 79B)
Class com.google.common.io.ByteStreams                                                : loaded 2 times (x 69B)
Class com.google.common.base.CharMatcher$Invisible                                    : loaded 2 times (x 110B)
Class com.google.common.base.Joiner$1                                                 : loaded 2 times (x 78B)
Class com.google.common.collect.MapMaker                                              : loaded 2 times (x 70B)
Class com.google.common.base.Joiner$2                                                 : loaded 2 times (x 77B)
Class com.google.common.collect.HashBiMap                                             : loaded 2 times (x 141B)
Class com.google.common.collect.ImmutableMultiset                                     : loaded 2 times (x 161B)
Class com.google.common.reflect.Types$JavaVersion$1                                   : loaded 2 times (x 81B)
Class com.google.common.base.CharMatcher$FastMatcher                                  : loaded 2 times (x 109B)
Class com.google.common.reflect.Types$JavaVersion$2                                   : loaded 2 times (x 81B)
Class com.google.common.reflect.Types$JavaVersion$3                                   : loaded 2 times (x 81B)
Class org.gradle.internal.classpath.DefaultClassPath$ImmutableUniqueList              : loaded 2 times (x 159B)
Class com.google.common.reflect.Types$JavaVersion$4                                   : loaded 2 times (x 81B)
Class com.google.common.reflect.Types$JavaVersion$5                                   : loaded 2 times (x 69B)
Class com.google.common.base.CharMatcher$JavaLetter                                   : loaded 2 times (x 109B)
Class com.google.common.collect.ImmutableMultimap$1                                   : loaded 2 times (x 80B)
Class com.google.common.collect.ImmutableMultimap$2                                   : loaded 2 times (x 79B)
Class org.gradle.internal.classpath.TransformedClassPath                              : loaded 2 times (x 94B)
Class com.google.common.io.Resources                                                  : loaded 2 times (x 69B)
Class com.google.common.collect.MapDifference                                         : loaded 2 times (x 68B)
Class com.google.common.reflect.TypeToken$SimpleTypeToken                             : loaded 2 times (x 71B)
Class com.google.common.io.ByteSource$EmptyByteSource                                 : loaded 2 times (x 83B)
Class com.google.common.collect.Sets$1                                                : loaded 2 times (x 137B)
Class com.google.common.collect.Sets$2                                                : loaded 2 times (x 137B)
Class com.google.common.util.concurrent.AbstractFuture$Trusted                        : loaded 2 times (x 68B)
Class com.google.common.collect.Sets$3                                                : loaded 2 times (x 137B)
Class com.google.common.graph.SuccessorsFunction                                      : loaded 2 times (x 68B)
Class com.google.common.collect.Sets$4                                                : loaded 2 times (x 137B)
Class com.google.common.reflect.Types$NativeTypeVariableEquals                        : loaded 2 times (x 69B)
Class com.google.common.io.ByteSink                                                   : loaded 2 times (x 74B)
Class com.google.common.collect.AbstractMapBasedMultimap$WrappedCollection$WrappedIterator: loaded 2 times (x 82B)
Class org.objectweb.asm.MethodWriter                                                  : loaded 2 times (x 104B)
Class com.google.common.collect.Platform                                              : loaded 2 times (x 69B)
Class com.google.common.collect.ImmutableAsList                                       : loaded 2 times (x 169B)
Class com.google.common.util.concurrent.ExecutionError                                : loaded 2 times (x 80B)
Class com.google.common.io.ByteSink$AsCharSink                                        : loaded 2 times (x 78B)
Class com.google.common.base.Equivalence$Identity                                     : loaded 2 times (x 80B)
Class com.google.common.base.CharMatcher$AnyOf                                        : loaded 2 times (x 110B)
Class com.google.common.base.CharMatcher$IsEither                                     : loaded 2 times (x 109B)
Class com.google.common.collect.AbstractIterator$1                                    : loaded 2 times (x 69B)
Class com.google.common.io.CharSource                                                 : loaded 2 times (x 83B)
Class com.google.common.cache.LocalCache                                              : loaded 2 times (x 185B)
Class com.google.common.collect.ImmutableRangeSet$Builder                             : loaded 2 times (x 75B)
Class com.google.common.collect.RegularImmutableList                                  : loaded 2 times (x 172B)
Class com.google.common.util.concurrent.AbstractFuture$UnsafeAtomicHelper$1           : loaded 2 times (x 74B)
Class com.google.common.base.CharMatcher$JavaUpperCase                                : loaded 2 times (x 109B)
Class com.google.common.collect.Multiset                                              : loaded 2 times (x 68B)
Class com.google.common.collect.ImmutableSet$CachingAsList                            : loaded 2 times (x 145B)
Class com.google.common.reflect.Invokable$ConstructorInvokable                        : loaded 2 times (x 103B)
Class org.objectweb.asm.MethodVisitor                                                 : loaded 2 times (x 103B)
Class com.google.common.collect.AbstractMapBasedMultimap$KeySet$1                     : loaded 2 times (x 80B)
Class com.google.common.collect.ImmutableMapEntry$NonTerminalImmutableMapEntry        : loaded 2 times (x 83B)
Class com.google.common.collect.AbstractMapBasedMultimap                              : loaded 2 times (x 137B)


---------------  S Y S T E M  ---------------

OS:
 Windows 10 , 64 bit Build 19041 (10.0.19041.5915)
OS uptime: 0 days 8:23 hours

CPU: total 6 (initial active 6) (6 cores per cpu, 1 threads per core) family 6 model 158 stepping 13 microcode 0xd6, cx8, cmov, fxsr, mmx, 3dnowpref, sse, sse2, sse3, ssse3, sse4.1, sse4.2, popcnt, lzcnt, tsc, tscinvbit, avx, avx2, aes, erms, clmul, bmi1, bmi2, adx, fma, vzeroupper, clflush, clflushopt
Processor Information for all 6 processors :
  Max Mhz: 2904, Current Mhz: 2904, Mhz Limit: 2904

Memory: 4k page, system-wide physical 16260M (1031M free)
TotalPageFile size 29029M (AvailPageFile size 353M)
current process WorkingSet (physical memory assigned to process): 796M, peak: 817M
current process commit charge ("private bytes"): 905M, peak: 1554M

vm_info: OpenJDK 64-Bit Server VM (17.0.11+0--11852314) for windows-amd64 JRE (17.0.11+0--11852314), built on May 16 2024 21:29:20 by "androidbuild" with MS VC++ 16.10 / 16.11 (VS2019)

END.
